Network,Code,Longitude,Latitude,Height,Province,District
"TU","ABT",31.3208,40.6058,1794,"Bolu","Mudurnu"
"TU","AKAS",29.6052,36.2326,1165,"Antalya","Kaş"
"TU","AKKT",37.0135,40.7844,1575,"Ordu","Akkuş"
"TU","ATAB",38.2949,37.4696,551,"Şanlıurfa","Bozova"
"TU","AVNT",34.8523,38.7784,1541,"Nevşehir","Avanos"
"TU","AYDN",27.8792,37.6608,716,"Aydın","Çine"
"TU","BALT",33.3858,41.5341,1746,"Kastamonu","Daday"
"TU","BDRM",27.4435,37.065,350,"Muğla","Bodrum"
"TU","BOYT",34.9036,41.4206,1170,"Sinop","Boyabat"
"TU","BSTP",34.1083,37.9505,1318,"Niğde","Bor"
"TU","CDAG",34.3719,39.6236,1136,"Kırşehir","Çiçekdağı"
"TU","COBT",36.2556,36.5197,1710,"Hatay","İskenderun"
"TU","CTKT",34.7896,40.6231,1650,"Çorum","Merkez"
"TU","DNZL",29.0464,37.6897,1716,"Denizli","Pamukkale"
"TU","DVR",32.0075,41.1594,960,"Zonguldak","Devrek"
"TU","ELDT",33.4266,40.4893,1584,"Çankırı","Şabanözü"
"TU","ELZG",38.9849,38.497,1640,"Elazığ","Merkez"
"TU","ERCT",35.7883,38.8117,1905,"Kayseri","Melikgazi"
"TU","ERCT",35.5142,38.6031,1915,"Kayseri","Melikgazi"
"TU","ERMK",32.9113,36.6414,1855,"Karaman","Ermenek"
"TU","ERZC",39.1183,39.9167,2810,"Erzincan","Refahiye"
"TU","ERZM",41.3658,39.9053,2380,"Erzurum","Palandöken"
"TU","GDZ",29.4815,39.0874,1324,"Kütahya","Gediz"
"TU","GOLH",29.5591,37.2365,1090,"Burdur","Gölhisar"
"TU","GRSN",38.2681,40.9244,536,"Giresun","Bulancak"
"TU","GYN",30.7264,40.3533,1279,"Bolu","Göynük"
"TU","GZTT",37.1375,37.1356,1496,"Gaziantep","Şehitkamil"
"TU","GZZT",37.3458,37.1278,1209,"Gaziantep","Şehitkamil"
"TU","GZT",37.5615,37.3553,1021,"Gaziantep","Yavuzeli"
"TU","HAKT",43.7071,37.5579,2153,"Hakkari","Merkez"
"TU","HENT",30.8992,40.8231,583,"Sakarya","Hendek"
"TU","KART",34.3056,41.1697,1946,"Çorum","Kargı"
"TU","KDAG",27.2667,38.4028,997,"İzmir","Bornova"
"TU","KDHN",32.1143,38.5209,1118,"Konya","Kadınhanı"
"TU","KRCT",32.8792,41.0814,1449,"Karabük","Ovacık"
"TU","MANT",28.5579,38.4908,945,"Manisa","Kula"
"TU","MARD",40.7776,37.3132,1290,"Mardin","Artuklu"
"TU","MLTT",38.3617,38.3542,1170,"Malatya","Battalgazi"
"TU","MRFT",33.4547,40.5036,1500,"Çankırı","Eldivan"
"TU","MUGL",28.4675,37.2075,1465,"Muğla","Menteşe"
"TU","NAL",31.3092,40.2094,1390,"Ankara","Nallıhan"
"TU","PERT",37.7358,41.0792,480,"Ordu","Perşembe"
"TU","SEYT",30.8538,39.5236,1172,"Eskişehir","Seyitgazi"
"TU","SGKT",32.0561,40.5733,1890,"Bolu","Dörtdivan"
"TU","SVST",36.9528,39.7722,1665,"Sivas","Merkez"
"TU","TDAG",27.5344,40.9903,148,"Tekirdağ","Süleymanpaşa"
"TU","SART",27.1777,40.6876,680,"Tekirdağ","Şarköy"
"TU","TKTP",30.32,38.04,1788,"Isparta","Keçiborlu"
"TU","TRHT",36.1778,40.3497,1190,"Tokat","Turhal"
"TU","ULDT",29.1357,40.1416,1720,"Bursa","Yıldırım"
"TU","URLA",26.5956,38.3602,495,"İzmir","Urla"
"TU","TVAN",43.4044,38.5235,1970,"Van","Tuşba"
"TU","YAMN",27.1575,38.5531,997,"İzmir","Menemen"
"TU","BEST",41.27,37.8911,959,"Batman","Beşiri"
"TU","BOZC",26.0528,39.8417,202,"Çanakkale","Bozcaada"
"TU","AYVA",26.69,39.3077,100,"Balıkesir","Ayvalık"
"TU","BTOK",28.0311,39.7617,407,"Balıkesir","Altıeylül"
"TU","KELT",39.2556,40.1486,1912,"Gümüşhane","Şiran"
"TU","KAHT",36.8734,37.6307,1830,"Kahramanmaraş","Onikişubat"
"TU","MEST",34.145,36.587,855,"Mersin","Erdemli"
"TU","BNGL",41.1499,38.9521,1968,"Bingöl","Solhan"
"TU","DIGO",43.3742,40.4147,2278,"Kars","Digor"
"TU","ARTV",41.9283,41.1849,2034,"Artvin","Merkez"
"TU","MACK",39.7686,40.9432,611,"Trabzon","Ortahisar"
"TU","BORA",30.4534,39.8801,960,"Eskişehir","Tepebaşı"
"TU","ELBA",28.4307,41.1469,331,"İstanbul","Çatalca"
"TU","AKHS",27.8138,38.8788,370,"Manisa","Akhisar"
"TU","DYDN",43.6889,39.5436,2010,"Ağrı","Diyadin"
"TU","TUTA",42.8137,39.4019,2154,"Ağrı","Tutak"
"TU","HOMI",41.9048,40.0451,2166,"Erzurum","Köprüköy"
"TU","KOPT",40.4972,40.0179,2489,"Erzurum","Aşkale"
"TU","ANDN",36.3453,37.58,1142,"Kahramanmaraş","Andırın"
"TU","KEMA",38.4932,39.2688,1026,"Erzincan","Kemaliye"
"TU","PINB",36.4027,38.6769,2288,"Kayseri","Pınarbaşı"
"TU","TATV",42.2672,38.58,1831,"Bitlis","Tatvan"
"TU","YAYL",36.107,36.0343,1225,"Hatay","Yayladağı"
"TU","GULE",34.7765,37.2837,1625,"Mersin","Tarsus"
"TU","DIYA",40.1208,37.9234,838,"Diyarbakır","Kayapınar"
"TU","YURE",35.6324,36.8259,491,"Adana","Yüreğir"
"TU","AKCD",37.9224,38.2956,1376,"Malatya","Akçadağ"
"TU","BALY",27.6195,39.7403,645,"Balıkesir","Balya"
"TU","BOLV",30.9502,38.7183,1303,"Afyonkarahisar","Bolvadin"
"TU","DURS",28.4742,39.6011,960,"Balıkesir","Dursunbey"
"TU","KHAL",29.4914,38.3704,1130,"Uşak","Karahallı"
"TU","DEMI",28.7162,39.0428,920,"Manisa","Demirci"
"TU","GCAM",27.2418,37.7139,38,"Aydın","Kuşadası"
"TU","TURN",28.2444,36.7753,28,"Muğla","Marmaris"
"TU","ILGA",33.7165,41.0521,2069,"Çankırı","Ilgaz"
"TU","DBOC",41.6667,41.3452,578,"Artvin","Borçka"
"TU","DAGI",41.9142,41.0778,1188,"Artvin","Merkez"
"TU","DBAD",41.6947,41.0183,1139,"Artvin","Yusufeli"
"TU","DDEM",41.7537,40.8925,1425,"Artvin","Yusufeli"
"TU","KUZU",37.075,36.7735,701,"Kilis","Merkez"
"TU","TOKA",36.4783,40.3232,679,"Tokat","Merkez"
"TU","BALAT",33.1198,39.5561,1301,"Ankara","Bala"
"TU","BBAL",33.123,39.5427,1312,"Ankara","Bala"
"TU","KORT",30.3503,37.0007,1304,"Antalya","Korkuteli"
"TU","GAZI",32.3157,36.2347,394,"Antalya","Gazipaşa"
"TU","ERBA",36.7547,40.6814,655,"Tokat","Erbaa"
"TU","SUSE",38.2025,40.2086,1586,"Sivas","Suşehri"
"TU","SCER",37.1286,39.8613,1428,"Sivas","Merkez"
"TU","GEVA",43.0586,38.3122,1672,"Van","Gevaş"
"TU","SIRN",42.413,37.4962,968,"Şırnak","Merkez"
"TU","KAST",33.9286,41.4904,677,"Kastamonu","Merkez"
"TU","HAVZ",35.718,41.0743,575,"Samsun","Havza"
"TU","EUZM",39.6975,39.7073,1250,"Erzincan","Üzümlü"
"TU","PALU",39.9293,38.6943,100,"Elazığ","Palu"
"TU","KIZK",34.1437,36.4803,165,"Mersin","Erdemli"
"TU","EKAR",42.064,39.2559,2129,"Erzurum","Karaçoban"
"TU","EPOS",42.7279,41.5035,1499,"Ardahan","Posof"
"TU","EAK",43.6073,40.736,1605,"Kars","Akyaka"
"TU","EATA",42.4916,39.8622,2770,"Ağrı","Eleşkirt"
"TU","KAMA",36.6677,37.1861,983,"Osmaniye","Bahçe"
"TU","DAD",32.7534,39.9081,864,"Ankara","Çankaya"
"TU","BALA",33.1198,39.5561,1301,"Ankara","Bala"
"TU","BTAS",30.9999,40.5706,732,"Bolu","Mudurnu"
"TU","BCAM",32.0656,40.8158,1207,"Bolu","Yeniçağa"
"TK","3801",35.4999,38.6896,1096,"Kayseri","Melikgazi"
"TK","5102",34.673,37.9678,1229,"Niğde","Merkez"
"TU","ISPR",41.008,40.4873,1200,"Erzurum","İspir"
"TU","BAGO",30.7886,37.9905,958,"Isparta","Eğirdir"
"TU","CUALT",36.7526,39.2734,1471,"Sivas","Altınyayla"
"TU","CUKAN",37.4667,39.3163,1523,"Sivas","Kangal"
"TU","CUGUR",37.2719,38.7237,1401,"Sivas","Gürün"
"TU","CUSAR",36.2444,39.4185,1458,"Sivas","Şarkışla"
"TU","ECAT",40.9742,39.6062,1910,"Erzurum","Çat"
"TU","CAYS",30.4315,40.6665,290,"Sakarya","Erenler"
"TU","ASA",30.7199,40.6915,230,"Sakarya","Hendek"
"TU","TAS",30.6147,40.6006,400,"Sakarya","Akyazı"
"TU","YUT",30.6001,40.8978,150,"Sakarya","Hendek"
"TU","DOK",30.8467,40.5579,635,"Sakarya","Akyazı"
"TU","KAR",30.2065,40.927,260,"Kocaeli","İzmit"
"TU","OFL",30.3771,40.9573,350,"Sakarya","Kaynarca"
"TU","ESE",30.2275,40.7729,437,"Kocaeli","Kartepe"
"TU","CND",31.1771,40.7445,950,"Düzce","Merkez"
"TU","EKI",31.0412,40.544,890,"Bolu","Mudurnu"
"TU","CIN",30.3057,40.436,1100,"Sakarya","Geyve"
"TU","HEN",30.8986,40.8214,590,"Sakarya","Hendek"
"TU","GOK",31.1453,40.6052,1090,"Bolu","Mudurnu"
"TU","AKC",31.2089,40.9723,680,"Düzce","Merkez"
"TU","NEV",27.263,39.954,329,"Çanakkale","Yenice"
"TB","GBZM",29.4501,40.7866,270,"Kocaeli","Gebze"
"TB","KMR",27.069,40.418,40,"Çanakkale","Biga"
"TB","BOZ",28.782,40.534,119,"Yalova","Armutlu"
"TU","ERE",28.8913,40.0453,657,"Bursa","Orhaneli"
"TB","IGD",29.2015,40.2641,165,"Bursa","Gürsu"
"TB","KRC",28.3323,40.2625,443,"Bursa","Karacabey"
"TB","YNK",27.3967,40.8258,370,"Tekirdağ","Süleymanpaşa"
"TU","SNL",28.2092,41.2288,173,"İstanbul","Silivri"
"TB","KKZ",27.3448,41.1269,143,"Tekirdağ","Süleymanpaşa"
"TB","MAR",27.9617,40.967,41,"Tekirdağ","Marmaraereğlisi"
"TB","KNL",27.5261,40.2707,178,"Balıkesir","Gönen"
"TB","ESKM",28.9455,40.6069,96,"Yalova","Çınarcık"
"TB","MADM",27.6647,40.6538,40,"Balıkesir","Marmara"
"TB","KVK",26.8877,40.6041,75,"Çanakkale","Gelibolu"
"TB","TRNM",27.7786,40.5057,80,"Balıkesir","Erdek"
"TB","SGTM",27.1081,40.767,295,"Tekirdağ","Malkara"
"TB","MSDM",28.6,40.3495,201,"Bursa","Mudanya"
"TB","SLV",28.1403,41.0731,30,"İstanbul","Silivri"
"TB","ATIM",27.5633,40.083,230,"Balıkesir","Gönen"
"TB","BUY",29.1175,40.8526,231,"İstanbul","Adalar"
"TU","CAM",27.3125,38.7484,279,"Manisa","Yunusemre"
"TU","DGB",26.8826,38.0521,22,"İzmir","Seferihisar"
"TU","BBD",28.8528,37.8019,888,"Denizli","Babadağ"
"TU","BLN",27.8219,38.6349,348,"Manisa","Saruhanlı"
"TU","CVD",28.1066,37.7522,386,"Aydın","Yenipazar"
"TU","HAR",28.7992,38.3411,901,"Uşak","Eşme"
"TU","YAK",27.3235,38.515,484,"İzmir","Bornova"
"TU","YEN",27.9487,38.4058,928,"Manisa","Salihli"
"TU","KON",28.5716,38.465,606,"Manisa","Kula"
"TU","KTT",28.093,38.6883,493,"Manisa","Salihli"
"TU","UZP",29.1746,38.0313,1203,"Denizli","Pamukkale"
"TU","KRB",28.4235,38.1342,823,"İzmir","Kiraz"
"TU","SUL",28.7676,38.0536,1194,"Denizli","Buldan"
"TU","YNC",28.5726,37.8139,248,"Aydın","Karacasu"
"TU","DUV",27.4491,38.22,246,"İzmir","Torbalı"
"TU","BEY",26.9271,38.227,336,"İzmir","Seferihisar"
"TU","DAG",27.7508,38.004,654,"İzmir","Tire"
"TU","ZEY",26.5033,38.2389,76,"İzmir","Urla"
"TU","BAG",26.8519,38.6554,89,"İzmir","Foça"
"TU","CKO",35.367,37.0625,135,"Adana","Sarıçam"
"TU","DED",34.7993,36.9614,479,"Mersin","Tarsus"
"TU","IMO",35.6438,37.2923,128,"Adana","İmamoğlu"
"TU","DRY",36.2496,36.8386,187,"Hatay","Dörtyol"
"TU","NUR",36.7569,37.1712,570,"Gaziantep","Nurdağı"
"TU","AKO",35.446,37.4615,450,"Adana","Aladağ"
"TU","KRT",36.2232,37.2595,636,"Osmaniye","Kadirli"
"TU","GZY",36.154,36.487,883,"Hatay","Belen"
"TU","REY",36.5988,36.2597,250,"Hatay","Reyhanlı"
"TU","KHM",36.9909,37.5234,614,"Kahramanmaraş","Dulkadiroğlu"
"TU","KAH",38.6101,37.8053,766,"Adıyaman","Kahta"
"TU","GER",39.0352,38.0315,815,"Adıyaman","Gerger"
"TU","BES",37.855,37.7001,1010,"Adıyaman","Besni"
"TU","PAL",39.9176,38.6986,1032,"Elazığ","Palu"
"TU","CLH",38.2066,38.0156,1304,"Adıyaman","Çelikhan"
"TU","PTG",38.6088,38.26,1784,"Malatya","Battalgazi"
"TU","MDN",39.6821,38.3931,1138,"Elazığ","Maden"
"TU","NAR",37.1574,37.3919,650,"Kahramanmaraş","Pazarcık"
"TU","CGC",37.296,37.747,1114,"Kahramanmaraş","Çağlayancerit"
"TU","CNG",39.2995,38.2145,1023,"Diyarbakır","Çüngüş"
"TU","AKK",38.985,38.497,1650,"Elazığ","Merkez"
"TU","FRT",39.1976,38.684,1100,"Elazığ","Merkez"
"TU","CAY",35.3182,37.1721,116,"Adana","Sarıçam"
"TU","HAS",36.465,36.7719,850,"Hatay","Hassa"
"TU","HCB",36.908,37.3438,516,"Kahramanmaraş","Türkoğlu"
"TU","AYK",36.8067,37.4144,580,"Kahramanmaraş","Türkoğlu"
"TU","MLTY",38.4253,38.3257,1050,"Malatya","Battalgazi"
"TU","0001",35.8525,40.6681,520,"Amasya","Merkez"
"TU","0002",33.6018,40.6008,805,"Çankırı","Merkez"
"TU","0003",34.9826,40.5783,894,"Çorum","Merkez"
"TU","0004",33.7913,41.4128,694,"Kastamonu","Merkez"
"TU","0005",36.3683,41.2647,460,"Samsun","Canik"
"TU","0007",36.5466,40.3225,680,"Tokat","Merkez"
"TU","0009",34.8065,39.8118,1358,"Yozgat","Merkez"
"TU","0006",35.4355,41.1436,130,"Samsun","Vezirköprü"
"TU","0008",36.9555,40.5813,720,"Tokat","Niksar"
"TU","0010",32.753,39.9081,850,"Ankara","Çankaya"
"GE","ISP",30.51,37.84,1100,"Isparta","Merkez"
"GE","MALT",38.43,38.31,1120,"Malatya","Battalgazi"
"IU","ANTO",32.7936,39.8689,883,"Ankara","Çankaya"
"TU","TROY",26.418,40.11,95,"Çanakkale","Merkez"
"TU","KLC",29.398,40.633,138,"Yalova","Çiftlikköy"
"TU","ALT",28.74,41.088,18,"İstanbul","Başakşehir"
"TU","CMH",27.9703,40.0115,205,"Balıkesir","Manyas"
"TU","SDU",30.9996,37.4765,0,"Isparta","Sütçüler"
"TU","HNZ",29.2696,37.7495,797,"Denizli","Honaz"
"TU","DRP",32.7422,39.3417,1134,"Ankara","Haymana"
"TU","BKS",33.2629,39.1961,998,"Ankara","Şereflikoçhisar"
"TU","CEV",33.5885,39.4517,1029,"Kırıkkale","Çelebi"
"TU","SOF",33.0964,39.2884,975,"Ankara","Bala"
"TU","OGB",32.8304,39.6851,1130,"Ankara","Gölbaşı"
"TU","YAR",32.927,39.1704,1154,"Konya","Kulu"
"TU","CARP",29.1715,36.8415,986,"Muğla","Fethiye"
"TU","CKRZ",29.1922,36.9732,860,"Denizli","Çameli"
"TU","CELM",28.9968,36.886,815,"Muğla","Dalaman"
"TU","CBCK",29.3126,37.0379,1250,"Denizli","Çameli"
"TU","CKCV",29.2462,37.0925,1102,"Denizli","Çameli"
"TU","CSKZ",29.0769,37.0645,745,"Denizli","Acıpayam"
"TU","CTSC",29.2581,36.9352,1052,"Denizli","Çameli"
"TU","CUZM",29.2732,36.7155,703,"Muğla","Fethiye"
"TU","AUMIH",31.4832,39.8679,1416,"Eskişehir","Mihalıcçık"
"TU","AUSIV",31.5397,39.4396,1111,"Eskişehir","Sivrihisar"
"TU","AUKUT",30.0213,39.3955,1085,"Kütahya","Merkez"
"TU","AUKIR",30.5308,39.2872,1088,"Eskişehir","Seyitgazi"
"TU","AUBOZ",30.0325,39.9107,853,"Bilecik","Bozüyük"
"TU","CIBE",29.4152,36.9873,1112,"Burdur","Gölhisar"
"TU","CBAL",29.4108,36.8551,1373,"Burdur","Altınyayla"
"TU","BZG",26.9865,40.1727,180,"Çanakkale","Biga"
"TU","CTK",34.7897,40.6231,1650,"Çorum","Merkez"
"TU","CUZAR",37.7705,39.8882,1425,"Sivas","Zara"
"-","GUL",34.7763,37.2837,1625,"Mersin","Tarsus"
"TU","KOZ",35.8198,37.4338,118,"Adana","Kozan"
"TU","MANS",28.5578,38.4908,961,"Manisa","Kula"
"TU","MARK",30.4356,36.2748,999,"Antalya","Kumluca"
"-","MYC",27.7133,41.0325,99,"Tekirdağ","Çorlu"
"TU","OLTU",41.9734,40.546,1350,"Erzurum","Oltu"
"TU","TOKT",28.0311,39.7617,407,"Balıkesir","Altıeylül"
"TU","VAN",43.4061,38.5286,0,"Van","Tuşba"
"-","STZ",29.1267,40.9442,30,"İstanbul","Maltepe"
"-","SYY1",29.1267,40.9442,30,"İstanbul","Maltepe"
"-","EADA",29.2905,40.8212,6,"İstanbul","Tuzla"
"TU","BLA",33.1206,39.5559,0,"Ankara","Bala"
"TU","BAKC",29.3084,37.9475,900,"Denizli","Çal"
"TU","IRLI",29.1841,37.8831,350,"Denizli","Pamukkale"
"TU","KOCA",29.2088,37.8407,345,"Denizli","Pamukkale"
"TU","SAZA",28.9068,37.9613,180,"Denizli","Sarayköy"
"TU","UZER",29.0378,37.8912,215,"Denizli","Merkezefendi"
"TU","REFA",38.7651,39.906,1594,"Erzincan","Refahiye"
"TU","KERG",34.1253,37.4146,1365,"Konya","Ereğli"
"TU","KESN",26.68,40.8259,366,"Edirne","Keşan"
"TU","KULU",32.9173,39.1713,1178,"Konya","Kulu"
"TU","KAND",30.1922,41.0943,75,"Kocaeli","Kandıra"
"TU","BTMN",41.2699,37.8911,962,"Batman","Beşiri"
"TU","SURC",38.6128,36.8793,632,"Şanlıurfa","Akçakale"
"TU","TNCL",39.5422,39.1146,1192,"Tunceli","Merkez"
"TU","VMUR",43.5716,38.9894,1717,"Van","Erciş"
"TU","CALC",34.986,40.2548,1154,"Çorum","Alaca"
"TU","SAMS",36.1872,41.361,192,"Samsun","Atakum"
"TU","ORDU",37.8571,40.991,526,"Ordu","Altınordu"
"TU","COAL",34.986,40.2548,1154,"Çorum","Alaca"
"TU","AVNS",34.8474,38.8065,1221,"Nevşehir","Avanos"
"GO","TBLG",44.7382,41.7309,540,"-","-"
"GO","AKHA",43.4928,41.4101,1720,"-","-"
"TU","KKUL",32.9173,39.1713,1178,"Konya","Kulu"
"TU","SAHE",30.8536,40.8525,481,"Sakarya","Hendek"
"TU","KEPZ",31.604,36.9015,615,"Antalya","Akseki"
"TU","KMER",32.368,37.7685,1231,"Konya","Meram"
"TU","BGOL",40.6711,38.9881,1166,"Bingöl","Merkez"
"TU","BTIN",32.2504,41.6361,233,"Bartın","Merkez"
"TU","AKSY",33.7607,38.6497,973,"Aksaray","Merkez"
"TU","YAHY",35.363,38.0947,1230,"Kayseri","Yahyalı"
"TU","CTAK",34.7914,40.6478,1775,"Çorum","Merkez"
"TU","BASK",44.0104,38.0474,2412,"Van","Başkale"
"KO","CLDR",43.9172,39.144,2094,"Van","Çaldıran"
"KO","CUKT",43.6077,37.2473,1298,"Hakkari","Çukurca"
"KO","DALY",28.6532,36.8162,548,"Muğla","Ortaca"
"KO","DAT",27.5778,36.729,1100,"Muğla","Datça"
"KO","FETY",29.0835,36.6353,200,"Muğla","Fethiye"
"KO","KONT",32.3605,37.9453,550,"Konya","Selçuklu"
"KO","SVAN",41.1985,38.1512,0,"Diyarbakır","Silvan"
"KO","VRTB",41.456,39.1603,1500,"Muş","Varto"
"TU","CMDR",32.475,40.4942,1305,"Ankara","Çamlıdere"
"TU","KZIL",30.1412,38.2575,1202,"Afyonkarahisar","Kızılören"
"TU","BRDR",30.0613,37.6963,935,"Burdur","Merkez"
"TU","TAVA",28.9132,37.4657,1016,"Denizli","Tavas"
"TU","STEP",27.7183,39.3767,519,"Balıkesir","Savaştepe"
"TU","BAYC",26.5469,39.7413,349,"Çanakkale","Bayramiç"
"TU","GEYV",30.2958,40.4842,223,"Sakarya","Geyve"
"TU","DOGA",31.6682,38.1058,1452,"Konya","Doğanhisar"
"TU","GULN",33.5435,36.1836,150,"Mersin","Gülnar"
"TU","SAIM",36.0823,37.9766,1028,"Adana","Saimbeyli"
"TU","ADCV",42.7246,38.808,1774,"Bitlis","Adilcevaz"
"TU","SRTM",41.9223,37.9911,1145,"Siirt","Merkez"
"TU","HANI",40.3994,38.4147,923,"Diyarbakır","Hani"
"TU","SANL",38.9892,37.1712,505,"Şanlıurfa","Haliliye"
"TU","ELBS",37.1327,38.3243,1260,"Kahramanmaraş","Elbistan"
"TU","YOVA",44.2896,37.5871,1946,"Hakkari","Yüksekova"
"TU","HEKM",37.9591,38.879,1859,"Malatya","Hekimhan"
"TU","ODTU",32.7935,39.8681,1077,"Ankara","Çankaya"
"TU","IGDI",44.078,39.8681,860,"Iğdır","Merkez"
"TU","BAYB",40.2576,40.2586,2015,"Bayburt","Merkez"
"GO","BTNK",44.7988,41.6833,579,"-","-"
"TU","SMV1",29.2628,39.3403,1008,"Kütahya","Emet"
"TU","SMV2",29.0244,39.1086,846,"Kütahya","Simav"
"TU","SMV3",29.2757,39.1999,924,"Kütahya","Hisarcık"
"TU","SMV4",29.1297,38.9966,0,"Kütahya","Pazarlar"
"TU","SMV5",29.2467,38.9221,831,"Kütahya","Gediz"
"TU","SIMV",29.0244,39.1086,846,"Kütahya","Simav"
"TU","AKDA",41.3636,40.1034,1875,"Erzurum","Yakutiye"
"TU","KBUK",32.627,41.2366,548,"Karabük","Merkez"
"TU","DELI",33.9204,39.9979,1169,"Kırıkkale","Delice"
"TU","YIGI",31.4485,40.9631,353,"Düzce","Yığılca"
"TU","KIBS",31.8524,40.4197,1199,"Bolu","Kıbrıscık"
"TU","GUNE",35.625,38.9025,1235,"Kayseri","Kocasinan"
"TU","SIRC",35.1481,39.3363,1241,"Yozgat","Boğazlıyan"
"TU","KIRK",27.0972,41.7817,258,"Kırklareli","Merkez"
"TU","ZEDA",27.0771,38.9665,179,"İzmir","Bergama"
"TU","USAK",29.0181,38.7143,723,"Uşak","Merkez"
"TU","AFYO",30.2988,38.7871,1080,"Afyonkarahisar","Sinanpaşa"
"TU","AKUM",30.343,36.3227,70,"Antalya","Kumluca"
"TK","0704",32.3156,36.2347,394,"Antalya","Gazipaşa"
"TU","KAGI",34.4782,41.1384,448,"Çorum","Kargı"
"TU","PELI",33.3177,41.3005,1057,"Kastamonu","Araç"
"TU","KIRS",33.9168,39.1329,981,"Kırşehir","Merkez"
"TU","KRIK",40.9271,40.3374,2025,"Erzurum","İspir"
"TU","BLIS",42.1152,38.4146,1608,"Bitlis","Merkez"
"TU","MUSM",41.5118,38.724,1357,"Muş","Merkez"
"KO","SRCK",30.6259,40.0416,331,"Eskişehir","Sarıcakaya"
"KO","CIFT",31.0625,39.3611,892,"Eskişehir","Çifteler"
"GO","BATM",41.6936,41.604,298,"-","-"
"GO","KZRT",44.3987,41.3866,723,"-","-"
"TU","AGRI",43.0251,39.7176,0,"Ağrı","Merkez"
"TU","MERT",34.1453,36.5869,855,"Mersin","Erdemli"
"TU","ELZ",38.9844,38.4978,999,"Elazığ","Merkez"
"TU","AMSY",35.8347,40.6371,951,"Amasya","Merkez"
"TU","EMRE",40.9762,40.0302,2066,"Erzurum","Aziziye"
"TK","0707",30.3503,37.0007,1303,"Antalya","Korkuteli"
"TU","EJDE",41.3035,39.8337,3151,"Erzurum","Palandöken"
"TU","BBTK",32.7603,39.8422,1200,"Ankara","Çankaya"
"TK","0104",35.8095,37.024,38,"Adana","Ceyhan"
"TK","0110",35.3901,36.568,22,"Adana","Karataş"
"TK","0122",35.8202,37.4339,119,"Adana","Kozan"
"TK","0124",34.8791,37.4087,791,"Adana","Pozantı"
"TK","0118",35.3184,37.0362,76,"Adana","Çukurova"
"TK","0120",35.7901,36.7701,35,"Adana","Yumurtalık"
"TK","0123",35.3438,37.0034,23,"Adana","Yüreğir"
"TK","0206",37.8496,37.6887,964,"Adıyaman","Besni"
"TK","0207",38.2476,38.0323,1380,"Adıyaman","Çelikhan"
"TK","0204",39.0347,38.029,777,"Adıyaman","Gerger"
"TK","0202",37.6528,37.7869,1763,"Adıyaman","Gölbaşı"
"TK","0205",38.616,37.7918,723,"Adıyaman","Kahta"
"TK","0201",38.2674,37.7612,671,"Adıyaman","Merkez"
"TK","0302",30.1537,38.0599,862,"Afyonkarahisar","Dinar"
"TK","0301",30.534,38.776,1054,"Afyonkarahisar","Merkez"
"TK","0308",30.2525,38.437,1056,"Afyonkarahisar","Sandıklı"
"TK","0309",31.2379,38.5261,1006,"Afyonkarahisar","Sultandağı"
"TK","0405",44.0909,39.5493,1593,"Ağrı","Doğubayazıt"
"TK","0403",42.6801,39.7989,1809,"Ağrı","Eleşkirt"
"TK","0401",43.0164,39.7198,1647,"Ağrı","Merkez"
"TK","0404",42.7725,39.5388,1565,"Ağrı","Tutak"
"TK","6801",34.027,38.3709,980,"Aksaray","Merkez"
"TK","0505",35.5215,40.3925,484,"Amasya","Göynücek"
"TK","0501",35.8039,40.6438,405,"Amasya","Merkez"
"TK","0508",35.8347,40.6371,951,"Amasya","Merkez"
"TK","0603",33.1186,39.5583,1305,"Ankara","Bala"
"TK","0601",31.917,40.1608,684,"Ankara","Beypazarı"
"TK","0618",32.4555,40.4798,1175,"Ankara","Çamlıdere"
"TK","0602",32.4959,39.4354,1220,"Ankara","Haymana"
"TK","0617",32.6319,40.4569,991,"Ankara","Kızılcahamam"
"TK","0605",32.753,39.9081,850,"Ankara","Çankaya"
"TK","0604",33.524,38.9625,971,"Ankara","Şereflikoçhisar"
"TK","0702",29.9205,36.737,1095,"Antalya","Elmalı"
"TK","0712",30.148,36.3022,1,"Antalya","Finike"
"TK","0705",29.6474,36.1951,25,"Antalya","Kaş"
"TK","0706",30.5597,36.6029,9,"Antalya","Kemer"
"TK","0708",30.292,36.3748,36,"Antalya","Kumluca"
"TK","0709",30.7215,36.8788,47,"Antalya","Muratpaşa"
"TK","0710",31.4324,36.7866,4,"Antalya","Manavgat"
"TK","0701",30.6667,36.8944,42,"Antalya","Muratpaşa"
"TK","0711",31.0876,36.918,35,"Antalya","Serik"
"TK","7501",42.7049,41.1061,1831,"Ardahan","Merkez"
"TK","0801",41.8384,41.1768,201,"Artvin","Merkez"
"TK","0912",28.746,37.9739,212,"Aydın","Buharkent"
"TK","0916",28.0503,37.8572,81,"Aydın","Köşk"
"TK","0905",27.265,37.86,24,"Aydın","Kuşadası"
"TK","0913",28.4654,37.9115,93,"Aydın","Kuyucak"
"TK","0902",27.7996,37.8455,65,"Aydın","Efeler"
"TK","0914",28.3431,37.9133,82,"Aydın","Nazilli"
"TK","0911",27.3921,37.7616,67,"Aydın","Söke"
"TK","0915",28.1506,37.8841,74,"Aydın","Sultanhisar"
"TK","1005",26.686,39.3113,4,"Balıkesir","Ayvalık"
"TK","1006",27.9966,40.3319,61,"Balıkesir","Bandırma"
"TK","1008",28.1273,39.3979,148,"Balıkesir","Bigadiç"
"TK","1009",28.6323,39.578,649,"Balıkesir","Dursunbey"
"TK","1011",27.861,40.336,174,"Balıkesir","Bandırma"
"TK","1013",27.0192,39.5895,22,"Balıkesir","Edremit"
"TK","1014",27.6424,40.114,33,"Balıkesir","Gönen"
"TK","1003",27.862,39.655,158,"Balıkesir","Karesi"
"TK","1017",27.8572,39.6497,262,"Balıkesir","Karesi"
"TK","1016",27.6544,39.3804,284,"Balıkesir","Savaştepe"
"TK","1015",28.1714,39.2395,234,"Balıkesir","Sındırgı"
"TK","7401",32.3331,41.6331,17,"Bartın","Merkez"
"TK","7402",32.2504,41.6361,233,"Bartın","Merkez"
"TK","7201",41.1511,37.873,597,"Batman","Merkez"
"TK","1102",30.0529,39.9043,751,"Bilecik","Bozüyük"
"TK","1101",29.9774,40.1411,532,"Bilecik","Merkez"
"TK","1210",40.5593,38.7501,1018,"Bingöl","Genç"
"TK","1206",41.0088,39.2935,1825,"Bingöl","Karlıova"
"TK","1201",40.5032,38.8971,1133,"Bingöl","Merkez"
"TK","1209",41.0499,38.966,1383,"Bingöl","Solhan"
"TK","1303",42.7631,38.7998,1678,"Bitlis","Adilcevaz"
"TK","1302",42.1591,38.4744,1794,"Bitlis","Merkez"
"TK","1304",42.281,38.5031,1676,"Bitlis","Tatvan"
"TK","1409",32.0636,40.717,1169,"Bolu","Dörtdivan"
"TK","1402",32.2059,40.7925,1305,"Bolu","Gerede"
"TK","1403",30.7898,40.3984,825,"Bolu","Göynük"
"TK","1405",32.076,40.9381,623,"Bolu","Mengen"
"TK","1401",31.6073,40.7457,746,"Bolu","Merkez"
"TK","1408",31.2099,40.4684,831,"Bolu","Mudurnu"
"TK","1407",31.0112,40.5776,550,"Bolu","Mudurnu"
"TK","1410",32.037,40.7711,1002,"Bolu","Yeniçağa"
"TK","1504",30.5876,37.4582,803,"Burdur","Bucak"
"TK","1506",29.5086,37.1472,1000,"Burdur","Gölhisar"
"TK","1502",30.2209,37.7032,874,"Burdur","Merkez"
"TK","1505",29.779,37.3161,1153,"Burdur","Tefenni"
"TK","1628",29.0959,40.2734,143,"Bursa","Osmangazi"
"TK","1607",29.098,40.3944,9,"Bursa","Gemlik"
"TK","1616",29.2588,40.4498,148,"Bursa","Orhangazi"
"TK","1609",29.1666,40.4254,2,"Bursa","Gemlik"
"TK","1630",29.1221,40.363,74,"Bursa","Gemlik"
"TK","1610",29.5088,40.0671,304,"Bursa","İnegöl"
"TK","1611",29.7168,40.4292,95,"Bursa","İznik"
"TK","1613",29.2317,39.9151,1060,"Bursa","Keles"
"TK","1627",29.0752,40.2257,91,"Bursa","Osmangazi"
"TK","1618",28.9282,40.351,34,"Bursa","Mudanya"
"TK","1614",28.3939,40.0347,41,"Bursa","Mustafakemalpaşa"
"TK","1621",28.9756,40.2269,119,"Bursa","Nilüfer"
"TK","1631",29.3081,40.4865,120,"Bursa","Orhangazi"
"TK","1619",29.2907,40.4224,132,"Bursa","Orhangazi"
"TK","1622",29.0527,40.196,156,"Bursa","Osmangazi"
"TK","1623",29.0334,40.2654,78,"Bursa","Osmangazi"
"TK","1624",29.0567,40.177,366,"Bursa","Osmangazi"
"TK","1625",29.0991,40.263,106,"Bursa","Osmangazi"
"TK","1626",28.9824,40.2403,162,"Bursa","Osmangazi"
"TK","1632",29.1793,40.4105,194,"Bursa","Gemlik"
"TK","1620",29.1296,40.1824,193,"Bursa","Yıldırım"
"TK","1703",27.2629,40.2318,24,"Çanakkale","Biga"
"TK","1708",26.0528,39.8419,195,"Çanakkale","Bozcaada"
"TK","1704",26.3456,39.7739,68,"Çanakkale","Ezine"
"TK","1710",26.6672,40.4233,40,"Çanakkale","Gelibolu"
"TK","1712",27.3035,40.404,6,"Çanakkale","Biga"
"TK","1701",26.3995,40.1415,1,"Çanakkale","Merkez"
"TK","1713",26.4117,40.1622,53,"Çanakkale","Merkez"
"TK","1707",27.2591,39.9292,275,"Çanakkale","Yenice"
"TK","1803",32.8834,40.8149,1137,"Çankırı","Çerkeş"
"TK","1805",33.6232,40.9311,959,"Çankırı","Ilgaz"
"TK","1802",33.6104,40.6083,726,"Çankırı","Merkez"
"TK","1804",33.0822,40.6124,1243,"Çankırı","Orta"
"TK","1905",34.8575,40.1668,917,"Çorum","Alaca"
"TK","1901",34.4858,41.1395,447,"Çorum","Kargı"
"TK","1904",34.9368,40.546,768,"Çorum","Merkez"
"TK","1903",34.8002,40.9763,422,"Çorum","Osmancık"
"TK","2008",28.8528,37.8018,689,"Denizli","Babadağ"
"TK","2013",28.8336,38.0448,621,"Denizli","Buldan"
"TK","2014",29.3464,37.0741,1297,"Denizli","Çameli"
"TK","2005",29.6681,37.8245,863,"Denizli","Çardak"
"TK","2010",29.24,37.8044,368,"Denizli","Honaz"
"TK","2002",29.1111,37.8125,332,"Denizli","Merkezefendi"
"TK","2012",29.0843,37.7781,395,"Denizli","Merkezefendi"
"TK","2011",29.1006,37.7372,482,"Denizli","Pamukkale"
"TK","2015",28.9288,37.9255,161,"Denizli","Sarayköy"
"TK","2009",29.038,37.9134,156,"Denizli","Merkezefendi"
"TK","2102",39.4644,38.1374,687,"Diyarbakır","Çermik"
"TK","2101",40.2028,37.9309,692,"Diyarbakır","Bağlar"
"TK","8106",31.1124,40.7671,143,"Düzce","Merkez"
"TK","8104",31.1804,40.8611,152,"Düzce","Merkez"
"TK","8109",31.0144,40.781,123,"Düzce","Gölyaka"
"TK","8103",31.2822,40.7861,248,"Düzce","Kaynaşlı"
"TK","8105",31.152,40.9028,195,"Düzce","Merkez"
"TK","8108",31.23,40.8613,250,"Düzce","Merkez"
"TK","8107",31.1129,40.8386,143,"Düzce","Merkez"
"TK","8101",31.1489,40.8436,145,"Düzce","Merkez"
"TK","8102",31.1644,40.8342,160,"Düzce","Merkez"
"TK","2201",26.0873,40.7245,15,"Edirne","Enez"
"TK","2202",26.5859,41.6705,67,"Edirne","Merkez"
"TK","2305",40.131,38.7278,600,"Elazığ","Palu"
"TK","2306",40.0393,38.9595,1100,"Elazığ","Karakoçan"
"TK","2309",38.7273,38.7983,746,"Elazığ","Keban"
"TK","2304",39.8629,38.721,957,"Elazığ","Kovancılar"
"TK","2302",39.6754,38.3923,1100,"Elazığ","Maden"
"TK","2301",39.1927,38.6704,1071,"Elazığ","Merkez"
"TK","2307",39.932,38.6958,880,"Elazığ","Palu"
"TK","2308",39.3102,38.4506,1248,"Elazığ","Sivrice"
"TK","2410",39.4672,39.7665,1243,"Erzincan","Merkez"
"TK","2408",39.0345,39.6019,1062,"Erzincan","Kemah"
"TK","2409",38.4911,39.2808,897,"Erzincan","Kemaliye"
"TK","2401",39.5115,39.7418,1198,"Erzincan","Merkez"
"TK","2411",40.0209,39.9702,1732,"Erzincan","Otlukbeli"
"TK","2404",38.7706,39.9063,1579,"Erzincan","Refahiye"
"TK","2407",40.3911,39.7767,1417,"Erzincan","Tercan"
"TK","2506",40.6813,39.9173,1639,"Erzurum","Aşkale"
"TK","2513",41.706,39.3624,1728,"Erzurum","Hınıs"
"TK","2507",42.1736,40.0415,1544,"Erzurum","Horasan"
"TK","2508",41.1102,39.9429,1755,"Erzurum","Aziziye"
"TK","2514",42.064,39.2559,2129,"Erzurum","Karaçoban"
"TK","2501",41.262,39.9032,1908,"Erzurum","Yakutiye"
"TK","2509",41.2227,39.8733,1930,"Erzurum","Palandöken"
"TK","2510",41.8626,40.3483,1655,"Erzurum","Narman"
"TK","2505",41.9952,40.5501,1336,"Erzurum","Oltu"
"TK","2515",41.9729,40.5452,1275,"Erzurum","Oltu"
"TK","2511",41.6723,39.9748,1657,"Erzurum","Pasinler"
"TK","2512",42.3456,40.5622,1861,"Erzurum","Şenkaya"
"TK","2607",30.146,39.8175,832,"Eskişehir","İnönü"
"TK","2608",31.183,39.5197,985,"Eskişehir","Sivrihisar"
"TK","2610",30.4216,39.822,831,"Eskişehir","Tepebaşı"
"TK","2611",30.443,39.7883,806,"Eskişehir","Tepebaşı"
"TK","2612",30.4017,39.7713,836,"Eskişehir","Tepebaşı"
"TK","2613",30.5397,39.7936,787,"Eskişehir","Tepebaşı"
"TK","2614",30.5558,39.7535,854,"Eskişehir","Odunpazarı"
"TK","2615",30.6521,39.7403,815,"Eskişehir","Odunpazarı"
"TK","2616",30.6189,39.7063,917,"Eskişehir","Odunpazarı"
"TK","2606",30.4958,39.7487,833,"Eskişehir","Odunpazarı"
"TK","2601",30.5284,39.8137,789,"Eskişehir","Tepebaşı"
"TK","2602",30.4973,39.7893,804,"Eskişehir","Tepebaşı"
"TK","2603",30.4534,39.8801,967,"Eskişehir","Tepebaşı"
"TK","2604",30.5101,39.7733,770,"Eskişehir","Odunpazarı"
"TK","2609",30.6966,39.4463,999,"Eskişehir","Seyitgazi"
"TK","2701",36.6359,37.0255,522,"Gaziantep","İslahiye"
"TK","2703",37.35,37.058,840,"Gaziantep","Şahinbey"
"TK","2704",37.8022,37.0088,524,"Gaziantep","Nizip"
"TK","2702",36.7328,37.1843,538,"Gaziantep","Nurdağı"
"TK","2902",39.4366,40.1244,1416,"Gümüşhane","Kelkit"
"TK","2901",39.4971,40.4487,1164,"Gümüşhane","Merkez"
"TK","3001",43.7877,37.5744,1732,"Hakkari","Merkez"
"TK","3002",44.2863,37.5783,1884,"Hakkari","Yüksekova"
"TK","3103",36.2472,36.1159,269,"Hatay","Altınözü"
"TK","3105",36.5112,36.8026,459,"Hatay","Hassa"
"TK","3104",36.4885,36.6929,260,"Hatay","Hassa"
"TK","3118",36.1849,36.5821,10,"Hatay","İskenderun"
"TK","3116",36.2066,36.6162,33,"Hatay","İskenderun"
"TK","3120",36.2057,36.5892,102,"Hatay","İskenderun"
"TK","3119",36.1681,36.5753,5,"Hatay","İskenderun"
"TK","3112",36.1477,36.588,1,"Hatay","İskenderun"
"TK","3113",36.155,36.5775,2,"Hatay","İskenderun"
"TK","3115",36.1646,36.5463,180,"Hatay","Belen"
"TK","3114",36.1514,36.567,6,"Hatay","İskenderun"
"TK","3117",36.1747,36.5571,193,"Hatay","İskenderun"
"TK","3121",36.2183,36.6641,5,"Hatay","İskenderun"
"TK","3108",36.3661,36.498,139,"Hatay","Kırıkhan"
"TK","3109",36.4144,36.5838,109,"Hatay","Kırıkhan"
"TK","3101",36.1597,36.2142,85,"Hatay","Antakya"
"TK","3110",35.9498,36.0816,3,"Hatay","Samandağ"
"TK","3111",36.2197,36.3726,111,"Hatay","Antakya"
"TK","7602",44.0538,39.9264,858,"Iğdır","Merkez"
"TK","3202",30.5654,37.7839,992,"Isparta","Merkez"
"TK","3201",30.5576,38.1048,970,"Isparta","Senirkent"
"TK","3412",28.5782,41.0206,13,"İstanbul","Büyükçekmece"
"TK","3407",29.0095,41.0582,130,"İstanbul","Beşiktaş"
"TK","3411",28.9761,41.0119,34,"İstanbul","Fatih"
"TK","3409",28.7588,41.0265,57,"İstanbul","Küçükçekmece"
"TK","3405",29.1567,40.9111,17,"İstanbul","Kartal"
"TK","3410",29.6082,41.1719,50,"İstanbul","Şile"
"TK","3408",28.2557,41.0734,31,"İstanbul","Silivri"
"TK","3406",29.1588,41.0226,148,"İstanbul","Ümraniye"
"TK","3535",26.9632,38.7963,17,"İzmir","Aliağa"
"TK","3510",27.043,38.409,3,"İzmir","Balçova"
"TK","3531",27.6457,38.2193,93,"İzmir","Bayındır"
"TK","3514",27.1581,38.4762,197,"İzmir","Bayraklı"
"TK","3537",27.1706,39.1096,52,"İzmir","Bergama"
"TK","3530",27.2244,38.453,35,"İzmir","Bornova"
"TK","3515",27.094,38.4649,4,"İzmir","Karşıyaka"
"TK","3512",27.1516,38.4009,79,"İzmir","Buca"
"TK","3517",27.1936,38.3756,136,"İzmir","Buca"
"TK","3522",27.1987,38.4357,68,"İzmir","Bornova"
"TK","3528",26.3726,38.3039,17,"İzmir","Çeşme"
"TK","3503",26.8883,39.0739,3,"İzmir","Dikili"
"TK","3534",26.7586,38.6624,13,"İzmir","Foça"
"TK","3516",26.8907,38.3706,17,"İzmir","Güzelbahçe"
"TK","3506",27.0821,38.3944,26,"İzmir","Konak"
"TK","3527",26.5128,38.639,60,"İzmir","Karaburun"
"TK","3519",27.1112,38.4525,10,"İzmir","Karşıyaka"
"TK","3508",27.3747,39.0883,71,"İzmir","Kınık"
"TK","3518",27.1435,38.4312,7,"İzmir","Konak"
"TK","3525",27.1084,38.3723,106,"İzmir","Karabağlar"
"TK","3520",27.2111,38.478,184,"İzmir","Bornova"
"TK","3521",27.0764,38.4679,1,"İzmir","Karşıyaka"
"TK","3533",27.1302,38.2572,127,"İzmir","Menderes"
"TK","3526",26.9795,38.5782,6,"İzmir","Menemen"
"TK","3513",27.1671,38.4584,2,"İzmir","Bayraklı"
"TK","3509",27.9645,38.2157,112,"İzmir","Ödemiş"
"TK","3511",27.2563,38.4213,76,"İzmir","Bornova"
"TK","3536",26.8384,38.1968,34,"İzmir","Seferihisar"
"TK","3529",27.3675,37.9443,15,"İzmir","Selçuk"
"TK","3532",27.3596,38.1591,39,"İzmir","Torbalı"
"TK","3523",26.7706,38.3282,76,"İzmir","Urla"
"TK","3524",27.1073,38.4969,64,"İzmir","Karşıyaka"
"TK","4613",36.3576,37.5646,962,"Kahramanmaraş","Andırın"
"TK","4611",37.2843,37.7472,1097,"Kahramanmaraş","Çağlayancerit"
"TK","4610",37.1977,38.2037,1133,"Kahramanmaraş","Elbistan"
"TK","4612",36.4819,38.024,1340,"Kahramanmaraş","Göksun"
"TK","4609",36.9151,37.5753,572,"Kahramanmaraş","Onikişubat"
"TK","4601",36.9819,37.5387,549,"Kahramanmaraş","Dulkadiroğlu"
"TK","4606",37.138,37.3868,581,"Kahramanmaraş","Pazarcık"
"TK","4615",37.138,37.3868,581,"Kahramanmaraş","Pazarcık"
"TK","4607",37.2978,37.4851,771,"Kahramanmaraş","Pazarcık"
"TK","4614",37.2898,37.4804,745,"Kahramanmaraş","Pazarcık"
"TK","4608",36.8384,37.3755,499,"Kahramanmaraş","Türkoğlu"
"TK","4616",36.8384,37.3755,499,"Kahramanmaraş","Türkoğlu"
"TK","7801",32.6525,41.2138,302,"Karabük","Merkez"
"TK","7002",32.8919,36.6401,1285,"Karaman","Ermenek"
"TK","7001",33.2258,37.1717,1060,"Karaman","Merkez"
"TK","3603",43.3286,40.8459,1691,"Kars","Arpaçay"
"TK","3602",43.121,40.144,843,"Kars","Kağızman"
"TK","3605",43.0821,40.6028,1763,"Kars","Merkez"
"TK","3604",42.5899,40.3313,2098,"Kars","Sarıkamış"
"TK","3702",33.7969,41.4164,755,"Kastamonu","Merkez"
"TK","3701",34.0367,41.0132,873,"Kastamonu","Tosya"
"TK","3802",36.5036,38.4781,1595,"Kayseri","Sarız"
"TK","7901",37.1123,36.7088,640,"Kilis","Merkez"
"TK","7102",33.6113,39.6682,1171,"Kırıkkale","Keskin"
"TK","7101",33.518,39.8497,754,"Kırıkkale","Merkez"
"TK","3901",27.2151,41.7377,218,"Kırklareli","Merkez"
"TK","4001",34.1615,39.1595,754,"Kırşehir","Merkez"
"TK","4103",30.025,40.7858,126,"Kocaeli","İzmit"
"TK","4102",30.0265,40.7846,126,"Kocaeli","İzmit"
"TK","4104",29.97,40.6804,109,"Kocaeli","Başiskele"
"TK","4105",29.9694,40.6744,177,"Kocaeli","Başiskele"
"TK","4116",29.8658,40.7196,3,"Kocaeli","Başiskele"
"TK","4114",29.4078,40.869,207,"Kocaeli","Çayırova"
"TK","4119",29.5206,40.7729,73,"Kocaeli","Dilovası"
"TK","4106",29.45,40.7863,198,"Kocaeli","Gebze"
"TK","4112",29.84,40.7245,10,"Kocaeli","Gölcük"
"TK","4124",29.6063,40.7831,65,"Kocaeli","Körfez"
"TK","4123",29.8479,40.7152,5,"Kocaeli","Gölcük"
"TK","4110",30.1525,41.0691,37,"Kocaeli","Kandıra"
"TK","4111",29.5888,40.6844,30,"Kocaeli","Karamürsel"
"TK","4117",30.0267,40.6989,100,"Kocaeli","Kartepe"
"TK","4118",30.0781,40.7216,57,"Kocaeli","Kartepe"
"TK","4113",29.7335,40.7768,33,"Kocaeli","Körfez"
"TK","4115",29.7802,40.7433,7,"Kocaeli","Körfez"
"TK","4122",30.0263,40.7483,17,"Kocaeli","Kartepe"
"TK","4121",29.9699,40.7228,39,"Kocaeli","Başiskele"
"TK","4108",29.9329,40.7602,22,"Kocaeli","İzmit"
"TK","4107",29.9324,40.7602,12,"Kocaeli","İzmit"
"TK","4120",30.0274,40.7676,12,"Kocaeli","İzmit"
"TK","4125",29.9172,40.7665,77,"Kocaeli","İzmit"
"TK","4126",29.9149,40.7625,4,"Kocaeli","İzmit"
"TK","4127",29.9047,40.7609,3,"Kocaeli","İzmit"
"TK","4205",31.4167,38.3384,1020,"Konya","Akşehir"
"TK","4203",32.9166,38.6549,952,"Konya","Cihanbeyli"
"TK","4201",31.6852,38.1415,1210,"Konya","Doğanhisar"
"TK","4202",32.5158,37.9042,1013,"Konya","Karatay"
"TK","4204",31.7258,38.8206,1144,"Konya","Yunak"
"TK","4308",29.6197,39.1964,1022,"Kütahya","Çavdarhisar"
"TK","4306",29.2491,39.3361,853,"Kütahya","Emet"
"TK","4304",29.4004,38.9948,735,"Kütahya","Gediz"
"TK","4301",29.9916,39.4278,932,"Kütahya","Merkez"
"TK","4307",30.0143,39.4053,952,"Kütahya","Merkez"
"TK","4305",28.9785,39.0928,828,"Kütahya","Simav"
"TK","4406",37.9738,38.3439,1050,"Malatya","Akçadağ"
"TK","4407",38.2641,38.7807,1165,"Malatya","Arguvan"
"TK","4408",37.8873,38.0962,1215,"Malatya","Doğanşehir"
"TK","4405",37.9396,38.8107,1147,"Malatya","Hekimhan"
"TK","4401",38.335,38.3489,998,"Malatya","Battalgazi"
"TK","4404",38.8739,38.1959,1255,"Malatya","Pütürge"
"TK","4502",27.8233,38.9112,94,"Manisa","Akhisar"
"TK","4503",28.5143,38.3555,200,"Manisa","Alaşehir"
"TK","4504",28.6481,39.035,853,"Manisa","Demirci"
"TK","4505",28.2836,38.9398,670,"Manisa","Gördes"
"TK","4501",27.3814,38.6126,106,"Manisa","Yunusemre"
"TK","4506",28.1235,38.4831,111,"Manisa","Salihli"
"TK","4508",27.5574,38.7322,38,"Manisa","Saruhanlı"
"TK","4507",27.7061,38.5075,88,"Manisa","Turgutlu"
"TK","4701",40.7237,37.3263,930,"Mardin","Artuklu"
"TK","4702",41.3574,37.4171,933,"Mardin","Midyat"
"TK","3302",33.5758,36.1613,17,"Mersin","Gülnar"
"TK","3307",32.8422,36.0819,44,"Mersin","Anamur"
"TK","3303",34.6004,37.1659,1225,"Mersin","Çamlıyayla"
"TK","3301",34.6028,36.781,4,"Mersin","Yenişehir"
"TK","3306",33.4396,36.6417,317,"Mersin","Mut"
"TK","3304",33.9366,36.3823,10,"Mersin","Silifke"
"TK","3305",34.899,36.9214,15,"Mersin","Tarsus"
"TK","4809",27.44,37.033,25,"Muğla","Bodrum"
"TK","4813",27.4428,37.0647,368,"Muğla","Bodrum"
"TK","4812",27.688,36.7123,25,"Muğla","Datça"
"TK","4803",29.124,36.6264,3,"Muğla","Fethiye"
"TK","4811",28.6868,36.9697,17,"Muğla","Köyceğiz"
"TK","4810",28.2448,36.8394,19,"Muğla","Marmaris"
"TK","4801",28.3561,37.2145,638,"Muğla","Menteşe"
"TK","4806",27.7805,37.3025,52,"Muğla","Milas"
"TK","4807",28.1369,37.3397,684,"Muğla","Yatağan"
"TK","4808",28.2873,37.1392,661,"Muğla","Menteşe"
"TK","4903",42.2731,39.0928,1481,"Muş","Bulanık"
"TK","4904",41.7742,38.7356,1300,"Muş","Korkut"
"TK","4906",42.5308,39.1439,1519,"Muş","Malazgirt"
"TK","4901",41.5039,38.7611,1303,"Muş","Merkez"
"TK","4905",41.4455,39.1764,1494,"Muş","Varto"
"TK","5001",34.7332,38.6605,1140,"Nevşehir","Merkez"
"TK","5101",34.9869,37.832,1496,"Niğde","Çamardı"
"TK","5201",37.9174,40.9751,4,"Ordu","Altınordu"
"TK","8003",36.2694,37.0842,122,"Osmaniye","Merkez"
"TK","8001",36.2694,37.0842,122,"Osmaniye","Merkez"
"TK","5402",30.6225,40.6703,52,"Sakarya","Akyazı"
"TK","5401",30.3808,40.7362,46,"Sakarya","Adapazarı"
"TK","5502",35.9025,40.9094,916,"Samsun","Ladik"
"TK","5501",36.305,41.3268,10,"Samsun","Atakum"
"TK","5503",35.4664,41.1377,335,"Samsun","Vezirköprü"
"TK","6304",38.5132,37.3651,617,"Şanlıurfa","Bozova"
"TK","6301",38.8014,37.1681,548,"Şanlıurfa","Haliliye"
"TK","6303",39.3291,37.7524,800,"Şanlıurfa","Siverek"
"TK","6302",39.7509,37.2342,550,"Şanlıurfa","Viranşehir"
"TK","5601",41.931,37.912,890,"Siirt","Merkez"
"TK","7301",42.4534,37.523,1363,"Şırnak","Merkez"
"TK","5805",36.747,39.273,1454,"Sivas","Altınyayla"
"TK","5804",36.0807,39.1848,1200,"Sivas","Gemerek"
"TK","5807",37.2896,38.7245,1350,"Sivas","Gürün"
"TK","5806",37.8252,40.3003,856,"Sivas","Koyulhisar"
"TK","5803",37.0018,39.7438,1285,"Sivas","Merkez"
"TK","5801",38.1063,40.1693,966,"Sivas","Suşehri"
"TK","5802",37.7479,39.8928,1349,"Sivas","Zara"
"TK","5907",27.7918,41.1607,172,"Tekirdağ","Çorlu"
"TK","5906",27.9316,40.9734,64,"Tekirdağ","Marmaraereğlisi"
"TK","5905",27.5479,40.9821,64,"Tekirdağ","Süleymanpaşa"
"TK","5902",27.515,40.9793,42,"Tekirdağ","Süleymanpaşa"
"TK","5904",27.1226,40.6149,10,"Tekirdağ","Şarköy"
"TK","6005",36.5692,40.698,198,"Tokat","Erbaa"
"TK","6001",36.5552,40.3292,590,"Tokat","Merkez"
"TK","6006",36.9346,40.5984,330,"Tokat","Niksar"
"TK","6004",37.3291,40.3944,485,"Tokat","Reşadiye"
"TK","6007",36.0717,40.384,550,"Tokat","Turhal"
"TK","6101",39.6685,40.9938,19,"Trabzon","Ortahisar"
"TK","6201",39.5347,39.0747,901,"Tunceli","Merkez"
"TK","6401",29.404,38.6726,920,"Uşak","Merkez"
"TK","6505",43.9011,39.135,2043,"Van","Çaldıran"
"TK","6513",43.2682,38.4145,1850,"Van","Edremit"
"TK","6506",43.338,39.0196,1681,"Van","Erciş"
"TK","6507",43.1198,38.2963,1696,"Van","Gevaş"
"TK","6501",43.4018,38.5035,1745,"Van","İpekyolu"
"TK","6512",43.763,38.99,1712,"Van","Muradiye"
"TK","6508",43.9767,38.6573,1994,"Van","Özalp"
"TK","7706",28.8266,40.5131,6,"Yalova","Armutlu"
"TK","7707",29.0788,40.6381,59,"Yalova","Çınarcık"
"TK","7704",29.2473,40.6576,2,"Yalova","Merkez"
"TK","7703",29.279,40.6506,58,"Yalova","Merkez"
"TK","7702",29.2668,40.59,219,"Yalova","Merkez"
"TK","7701",29.306,40.5642,343,"Yalova","Merkez"
"TK","6602",35.897,39.6596,1386,"Yozgat","Akdağmadeni"
"TK","6603",35.4998,40.0674,918,"Yozgat","Çekerek"
"TK","6601",34.8159,39.8243,1295,"Yozgat","Merkez"
"TK","6604",35.3693,39.4986,1109,"Yozgat","Sarıkaya"
"TK","6605",35.1876,39.8084,1058,"Yozgat","Sorgun"
"TK","6701",31.7788,41.4511,50,"Zonguldak","Merkez"
"HT","ALN",26.05,40.9,110,"-","-"
"IU","GNI",44.74,40.15,1609,"-","-"
"TU","ATA5",41.2448,39.9046,1860,"Erzurum","Yakutiye"
"TU","CAVS",26.1685,40.6871,67,"Edirne","Enez"
"TU","ERZM",41.3622,39.9045,2380,"Erzurum","Palandöken"
"TU","AVDN",29.1646,40.2933,439,"Bursa","Osmangazi"
"TU","UNCK",28.7221,40.1158,515,"Bursa","Nilüfer"
"TU","STBT",29.2383,40.1444,726,"Bursa","Kestel"
"TU","YYLC",28.8168,40.3036,726,"Bursa","Mudanya"
"TU","KAHM",36.987,37.5167,587,"Kahramanmaraş","Dulkadiroğlu"
"GZ","BALA",33.0938,39.3521,975,"Ankara","Bala"
"GZ","KZCM",32.6704,40.4319,1209,"Ankara","Kızılcahamam"
"GZ","BYPZ",31.9336,40.1668,784,"Ankara","Beypazarı"
"GZ","GLBS",32.8145,39.7803,1022,"Ankara","Gölbaşı"
"GZ","KRGN",33.5486,40.2904,844,"Ankara","Kalecik"
"GZ","SRFK",33.7006,38.8551,1134,"Ankara","Şereflikoçhisar"
"GZ","ILGZ",33.6625,40.9323,939,"Çankırı","Ilgaz"
"GZ","MNGN",32.0849,40.9381,654,"Bolu","Mengen"
"GZ","ESKP",32.1829,39.5339,968,"Ankara","Polatlı"
"GZ","KSKN",33.6253,39.7104,1295,"Kırıkkale","Keskin"
"TU","SGAZ",30.8387,39.5293,958,"Eskişehir","Seyitgazi"
"TU","ANDZ",29.899,39.5094,1122,"Kütahya","Merkez"
"TU","BOYA",34.6806,41.533,443,"Sinop","Boyabat"
"TU","BILE",29.875,40.1615,999,"Bilecik","Merkez"
"TU","KAYN",30.3405,40.9654,130,"Sakarya","Kaynarca"
"TU","OZAP",43.9928,38.6614,2058,"Van","Özalp"
"TU","PERV",42.5417,37.9461,1377,"Siirt","Pervari"
"TU","CKRK",35.4998,40.0732,991,"Yozgat","Çekerek"
"TU","VIZE",27.84,41.5785,345,"Kırklareli","Vize"
"TU","ARMN",27.4289,41.8639,406,"Kırklareli","Merkez"
"TU","DEVR",31.9724,41.1417,388,"Zonguldak","Devrek"
"TU","NIDE",34.7768,37.9999,1420,"Niğde","Merkez"
"TU","MIDY",41.3983,37.4063,972,"Mardin","Midyat"
"TU","CAVK",26.1677,40.6917,97,"Edirne","Enez"
"TU","ECEA",26.1742,40.0445,23,"Çanakkale","Eceabat"
"TU","KKBE",32.9404,37.2196,1118,"Karaman","Kazımkarabekir"
"TU","KOVA",39.8126,38.7057,1101,"Elazığ","Kovancılar"
"TU","CIDE",32.9471,41.8821,27,"Kastamonu","Cide"
"TU","ALIN",32.8785,38.2985,1073,"Konya","Altınekin"
"TU","BUHA",27.0769,39.5011,258,"Balıkesir","Havran"
"TU","SEDI",31.7549,37.4511,1255,"Konya","Seydişehir"
"TU","YVAC",31.2395,38.2709,1185,"Isparta","Yalvaç"
"TU","KOCA",26.1383,39.5022,292,"Çanakkale","Ayvacık"
"TU","ZEYE",26.5032,38.239,75,"İzmir","Urla"
"TU","SLHN",41.0239,38.9572,1373,"Bingöl","Solhan"
"TU","MULA",28.3208,37.2561,973,"Muğla","Menteşe"
"TU","DDIM",27.2414,37.4571,93,"Aydın","Didim"
"TU","CAEL",29.3199,37.1229,1386,"Denizli","Çameli"
"TU","KOTA",43.2058,39.8022,1822,"Ağrı","Merkez"
"TU","BUCA",30.5593,37.3277,812,"Burdur","Bucak"
"TU","ALUC",38.7698,40.3442,1574,"Giresun","Alucra"
"TK","3418",29.2755,40.8146,5,"İstanbul","Tuzla"
"TU","SUTC",30.9997,37.4765,1100,"Isparta","Sütçüler"
"TU","HACI",35.7308,39.7029,1158,"Yozgat","Akdağmadeni"
"TU","ASUZ",35.7847,36.2917,9,"Hatay","Arsuz"
"TU","DRNR",41.8723,41.1732,440,"Artvin","Merkez"
"TU","CUAYA",36.7463,39.2655,1509,"Sivas","Altınyayla"
"GF","KRTK",29.2092,40.5904,124,"Yalova","Merkez"
"GF","TESV",29.0819,40.6353,23,"Yalova","Çınarcık"
"GF","BOZB",28.7823,40.5346,72,"Yalova","Armutlu"
"GF","TUZL",29.2744,40.8151,8,"İstanbul","Tuzla"
"GF","ESNK",28.9221,40.5962,15,"Yalova","Çınarcık"
"GF","BUAD",29.1232,40.8401,46,"İstanbul","Adalar"
"GF","SIVA",28.9722,40.8768,7,"İstanbul","Adalar"
"GO","BKR",43.5032,41.7337,1798,"-","-"
"TU","PASA",29.4877,38.348,979,"Uşak","Karahallı"
"TU","KRSK",29.2558,40.3993,221,"Bursa","Orhangazi"
"TU","KURT",29.2092,40.5905,122,"Yalova","Merkez"
"TK","0125",35.7958,37.0152,25,"Adana","Ceyhan"
"TK","0119",35.3901,36.568,22,"Adana","Karataş"
"TK","0208",37.6528,37.7869,1763,"Adıyaman","Gölbaşı"
"TK","0310",31.144,39.0052,1005,"Afyonkarahisar","Emirdağ"
"TK","0311",30.5437,38.5329,1145,"Afyonkarahisar","Şuhut"
"TK","0510",35.2034,40.8815,846,"Amasya","Gümüşhacıköy"
"TK","0506",35.8039,40.6438,405,"Amasya","Merkez"
"TK","0507",35.4588,40.8797,757,"Amasya","Merzifon"
"TK","0509",36.3205,40.7599,214,"Amasya","Taşova"
"TK","0620",32.3291,40.0181,940,"Ankara","Ayaş"
"TK","0623",32.7271,39.9689,830,"Ankara","Yenimahalle"
"TK","0624",32.8561,39.8861,1088,"Ankara","Çankaya"
"TK","0621",33.0289,40.2294,995,"Ankara","Çubuk"
"TK","0631",33.0319,40.2409,995,"Ankara","Çubuk"
"TK","0627",32.625,39.9818,815,"Ankara","Etimesgut"
"TK","0619",32.7571,39.9055,851,"Ankara","Çankaya"
"TK","0629",32.8064,39.7825,1021,"Ankara","Gölbaşı"
"TK","0630",32.8469,39.9249,966,"Ankara","Çankaya"
"TK","0622",32.1628,39.5834,889,"Ankara","Polatlı"
"TK","0625",32.5828,39.964,833,"Ankara","Sincan"
"TK","0628",32.6916,39.8862,904,"Ankara","Çankaya"
"TK","0713",32.0043,36.5429,1,"Antalya","Alanya"
"TK","0714",31.9867,36.5555,12,"Antalya","Alanya"
"TK","0716",29.4128,36.2685,78,"Antalya","Kaş"
"TK","0717",30.6419,36.9495,194,"Antalya","Döşemealtı"
"TK","0715",32.0963,36.4878,15,"Antalya","Alanya"
"TK","0917",28.0584,37.6052,81,"Aydın","Çine"
"TK","0918",27.2643,37.3697,47,"Aydın","Didim"
"TK","0919",27.8355,37.5595,108,"Aydın","Karpuzlu"
"TK","0910",27.7996,37.8455,65,"Aydın","Efeler"
"TK","0920",27.3749,37.5604,58,"Aydın","Söke"
"TK","1019",26.9753,39.498,55,"Balıkesir","Burhaniye"
"TK","1018",27.7878,40.4093,21,"Balıkesir","Erdek"
"TK","1020",28.1641,39.9171,53,"Balıkesir","Susurluk"
"TK","6901",40.2101,40.2623,1614,"Bayburt","Merkez"
"TK","1213",40.4774,39.231,1500,"Bingöl","Adaklı"
"TK","1211",41.0504,38.9662,1383,"Bingöl","Solhan"
"TK","1212",40.5477,39.4337,1523,"Bingöl","Yedisu"
"TK","1411",31.6175,40.6846,720,"Bolu","Merkez"
"TK","1412",31.2094,40.4562,893,"Bolu","Mudurnu"
"TK","1507",30.1336,37.4942,1119,"Burdur","Merkez"
"TK","1508",29.8214,37.0363,1412,"Burdur","Çavdır"
"TK","1629",29.1666,40.4254,2,"Bursa","Gemlik"
"TK","1633",28.3632,40.2147,59,"Bursa","Karacabey"
"TK","1716",26.4076,39.5997,256,"Çanakkale","Ayvacık"
"TK","1717",26.3578,40.1818,11,"Çanakkale","Eceabat"
"TK","1714",26.4221,40.1129,128,"Çanakkale","Merkez"
"TK","1715",26.6923,40.3632,24,"Çanakkale","Lapseki"
"KO","ADVT",29.7383,40.4332,193,"Bursa","İznik"
"KO","AFSR",33.0707,39.4468,1055,"Ankara","Bala"
"KO","AGRB",42.992,39.5755,1820,"Ağrı","Hamur"
"KO","AKDM",42.98,38.3285,1662,"Van","Gevaş"
"KO","AKS",27.8129,38.8785,385,"Manisa","Akhisar"
"KO","ALAN",32.0327,36.557,215,"Antalya","Alanya"
"KO","ANTB",30.6538,36.8998,20,"Antalya","Konyaaltı"
"KO","ARMT",28.866,40.5683,320,"Yalova","Armutlu"
"KO","ARPR",38.3356,39.0929,1522,"Malatya","Arapgir"
"KO","AYDB",27.8908,37.9467,1246,"Aydın","Efeler"
"KO","BALB",27.88,39.64,120,"Balıkesir","Altıeylül"
"KO","BASM",30.035,37.9194,1012,"Afyonkarahisar","Başmakçı"
"KO","BAYT",40.141,40.3937,1680,"Bayburt","Aydıntepe"
"KO","BBRN",28.0587,36.6797,194,"Muğla","Marmaris"
"KO","BCA",41.6223,41.445,500,"Artvin","Borçka"
"KO","BCK",30.5877,37.461,859,"Burdur","Bucak"
"KO","BGKT",28.773,41.181,80,"İstanbul","Arnavutköy"
"KO","BLCB",27.042,38.3853,150,"İzmir","Balçova"
"KO","BNGB",40.6792,38.9913,1180,"Bingöl","Merkez"
"KO","BNN",35.8472,38.8522,1380,"Kayseri","Bünyan"
"KO","BODT",27.3103,37.0622,379,"Muğla","Bodrum"
"KO","BOZY",32.9763,36.1069,9,"Mersin","Bozyazı"
"KO","BZK",34.0035,41.96,158,"Kastamonu","Bozkurt"
"KO","CAND",26.8031,38.9542,157,"İzmir","Dikili"
"KO","CANT",33.6197,40.6062,815,"Çankırı","Merkez"
"KO","CAVI",29.8377,40.2018,670,"Bilecik","Merkez"
"KO","CESE",26.2997,38.3306,95,"İzmir","Çeşme"
"KO","CEYT",35.7478,37.0107,100,"Adana","Ceyhan"
"KO","CHAY",40.7253,41.0918,60,"Rize","Çayeli"
"KO","CHBY",32.8902,38.5823,1086,"Konya","Cihanbeyli"
"KO","CHOM",40.7612,41.097,422,"Rize","Çayeli"
"KO","CLDR",43.9172,39.144,2094,"Van","Çaldıran"
"KO","CMRD",34.9902,37.6623,1427,"Niğde","Çamardı"
"KO","CORM",34.6302,40.1785,1292,"Çorum","Sungurlu"
"KO","CRLT",27.736,41.129,230,"Tekirdağ","Çorlu"
"KO","CTKS",28.5072,41.2373,47,"İstanbul","Çatalca"
"KO","CTYL",28.2897,41.476,77,"İstanbul","Çatalca"
"KO","CUKT",43.6077,37.2473,1298,"Hakkari","Çukurca"
"KO","CUND",26.6663,39.336,10,"Balıkesir","Ayvalık"
"KO","DALY",28.6532,36.8162,100,"Muğla","Ortaca"
"KO","DARE",37.4832,38.5712,1080,"Malatya","Darende"
"KO","DATC",27.6602,36.7584,94,"Muğla","Datça"
"KO","DEMR",29.9056,36.2365,168,"Antalya","Demre"
"KO","DENT",29.0331,37.7539,621,"Denizli","Merkezefendi"
"KO","DIDI",27.2398,37.3767,75,"Aydın","Didim"
"KO","DIKM",35.2578,41.6497,261,"Sinop","Dikmen"
"KO","DKL",26.9053,39.0713,35,"İzmir","Dikili"
"KO","DORT",36.1968,36.826,27,"Hatay","Dörtyol"
"KO","DST",28.6267,39.6041,693,"Balıkesir","Dursunbey"
"KO","DYBB",40.1393,37.9532,657,"Diyarbakır","Kayapınar"
"KO","EDC",27.8618,40.3465,257,"Balıkesir","Bandırma"
"KO","EDRB",26.7437,41.847,209,"Edirne","Lalapaşa"
"KO","ELL",29.9085,36.7483,1230,"Antalya","Elmalı"
"KO","ENEZ",26.153,40.7362,100,"Edirne","Enez"
"KO","ENZZ",26.1406,40.607,11,"Edirne","Enez"
"KO","ERCV",43.3381,39.0198,1679,"Van","Erciş"
"KO","ERIK",26.5132,40.6708,38,"Edirne","Keşan"
"KO","ERZN",39.722,39.5867,1317,"Erzincan","Merkez"
"KO","ESKT",30.8492,39.5212,1295,"Eskişehir","Seyitgazi"
"KO","ESPY",38.7273,40.9167,430,"Giresun","Espiye"
"KO","EZN",26.3247,39.8255,48,"Çanakkale","Ezine"
"KO","FETI",29.0968,36.6903,11,"Muğla","Fethiye"
"KO","FETY",29.0835,36.6353,200,"Muğla","Fethiye"
"KO","FOCM",26.7309,38.7131,34,"İzmir","Foça"
"KO","GAZ",37.2097,37.1722,992,"Gaziantep","Şehitkamil"
"KO","GEDZ",29.4105,39.0445,883,"Kütahya","Gediz"
"KO","GELI",26.4742,40.398,126,"Çanakkale","Gelibolu"
"KO","GEMT",29.189,40.435,220,"Bursa","Gemlik"
"KO","GLHS",29.4983,37.156,1100,"Burdur","Gölhisar"
"KO","GMLD",26.8747,38.0764,10,"İzmir","Seferihisar"
"KO","GOMA",27.9175,38.7077,110,"Manisa","Gölmarmara"
"KO","GONE",27.686,40.0466,143,"Balıkesir","Gönen"
"KO","GPA",30.3167,40.285,570,"Bilecik","Gölpazarı"
"KO","GPNR",26.1329,39.4552,570,"Çanakkale","Ayvacık"
"KO","GRDE",32.2116,40.7995,5,"Bolu","Gerede"
"KO","GULA",34.236,38.3444,1126,"Aksaray","Gülağaç"
"KO","GULT",30.5156,40.432,942,"Sakarya","Taraklı"
"KO","GUMT",39.478,40.4675,1326,"Gümüşhane","Merkez"
"KO","GURO",42.0322,38.5509,1388,"Bitlis","Güroymak"
"KO","HDMB",32.486,36.964,1946,"Konya","Hadim"
"KO","HOPA",41.4458,41.3867,100,"Artvin","Hopa"
"KO","HRTX",29.673,40.801,573,"Kocaeli","Körfez"
"KO","IKL",33.6845,36.2367,126,"Mersin","Silifke"
"KO","ILIC",38.5675,39.4518,1295,"Erzincan","İliç"
"KO","ISK",29.0592,41.0657,132,"İstanbul","Üsküdar"
"KO","IZI",29.4728,40.3368,910,"Bursa","Yenişehir"
"KO","KAMT",33.7124,39.3692,1120,"Kırşehir","Kaman"
"KO","KARA",35.0547,37.2607,366,"Adana","Karaisalı"
"KO","KARO",41.0493,39.3089,1820,"Bingöl","Karlıova"
"KO","KARS",43.0937,40.6152,1747,"Kars","Merkez"
"KO","KAVV",29.06,41.0638,139,"İstanbul","Üsküdar"
"KO","KCTX",28.3353,40.2627,445,"Bursa","Karacabey"
"KO","KDZE",31.443,41.3132,410,"Zonguldak","Ereğli"
"KO","KEMT",30.5559,36.6037,10,"Antalya","Kemer"
"KO","KHL",29.5286,38.3232,1003,"Uşak","Karahallı"
"KO","KHMN",37.1574,37.3916,640,"Kahramanmaraş","Pazarcık"
"KO","KIYI",28.3,41.4844,23,"İstanbul","Çatalca"
"KO","KIZT",31.7163,38.8808,1222,"Konya","Yunak"
"KO","KLYT",29.042,41.253,30,"İstanbul","Sarıyer"
"KO","KMRS",36.9,37.5053,590,"Kahramanmaraş","Onikişubat"
"KO","KONT",32.3605,37.9453,1100,"Konya","Selçuklu"
"KO","KOPR",41.8535,39.9917,1675,"Erzurum","Köprüköy"
"KO","KOZT",35.8268,37.4805,381,"Adana","Kozan"
"KO","KRBG",27.2977,40.3932,79,"Çanakkale","Biga"
"KO","KRBN",26.5537,38.5936,135,"İzmir","Karaburun"
"KO","KRTD",35.4157,36.5934,47,"Adana","Karataş"
"KO","KRTS",35.375,36.573,53,"Adana","Karataş"
"KO","KTUT",39.7667,40.987,171,"Trabzon","Ortahisar"
"KO","KULA",28.6607,38.5145,915,"Manisa","Kula"
"KO","KULU",33.0023,39.0343,1120,"Konya","Kulu"
"KO","KURC",32.743,41.8456,143,"Bartın","Kurucaşile"
"KO","KUSD",27.2815,37.86,323,"Aydın","Kuşadası"
"KO","KVT",36.0463,41.0807,649,"Samsun","Kavak"
"KO","LADK",32.3648,38.2,1168,"Konya","Sarayönü"
"KO","LAP",26.7593,40.3703,230,"Çanakkale","Lapseki"
"KO","LOD",32.764,39.8893,902,"Ankara","Çankaya"
"KO","MALT",38.4273,38.3134,1112,"Malatya","Battalgazi"
"KO","MASR",32.4658,41.7596,325,"Bartın","Amasra"
"KO","MAZI",40.4465,37.4593,1204,"Mardin","Mazıdağı"
"KO","MDNY",28.8847,40.371,116,"Bursa","Mudanya"
"KO","MDUB",31.1977,40.4712,1109,"Bolu","Mudurnu"
"KO","MERS",34.522,36.8678,750,"Mersin","Yenişehir"
"KO","MLAZ",42.5496,39.141,1581,"Muş","Malazgirt"
"KO","MLSB",27.7767,37.2953,500,"Muğla","Milas"
"KO","MNVG",31.4161,36.7935,24,"Antalya","Manavgat"
"KO","MRMT",27.5832,40.609,213,"Balıkesir","Marmara"
"KO","MRSB",28.1969,36.7161,402,"Muğla","Marmaris"
"KO","NIG",34.6142,38.108,2270,"Niğde","Merkez"
"KO","ORLT",28.8914,40.0452,650,"Bursa","Orhaneli"
"KO","OSMT",29.7,40.601,798,"Bursa","İznik"
"KO","PHSR",27.5238,41.6308,263,"Kırklareli","Pınarhisar"
"KO","PRSB",37.7753,41.1044,100,"Ordu","Perşembe"
"KO","PTK",39.3923,38.8923,1835,"Tunceli","Pertek"
"KO","RKY",27.1777,40.6875,687,"Tekirdağ","Şarköy"
"KO","RSDY",37.3273,40.3972,550,"Tokat","Reşadiye"
"KO","SAFT",32.6872,41.2398,406,"Karabük","Safranbolu"
"KO","SARI",36.4182,38.4072,1673,"Kayseri","Sarız"
"KO","SAUV",30.3272,40.7402,170,"Sakarya","Serdivan"
"KO","SENK",42.3507,40.5615,1939,"Erzurum","Şenkaya"
"KO","SERE",33.564,38.9463,1216,"Ankara","Şereflikoçhisar"
"KO","SHAP",29.222,39.0231,1050,"Kütahya","Şaphane"
"KO","SHUT",30.551,38.553,1215,"Afyonkarahisar","Şuhut"
"KO","SILT",29.643,41.153,100,"İstanbul","Şile"
"KO","SIMA",28.9825,39.0833,984,"Kütahya","Simav"
"KO","SINP",35.0966,41.9817,100,"Sinop","Merkez"
"KO","SIRT",42.4392,37.501,1038,"Şırnak","Merkez"
"KO","SLFK",33.9465,36.3926,54,"Mersin","Silifke"
"KO","SLVT",28.21,41.23,180,"İstanbul","Silivri"
"KO","SMAA",28.9805,39.1005,804,"Kütahya","Simav"
"KO","SPNC",30.3083,40.686,190,"Sakarya","Sapanca"
"KO","SULT",33.5157,38.1988,982,"Aksaray","Eskil"
"KO","SVAN",41.1985,38.1512,650,"Diyarbakır","Silvan"
"KO","SVRC",39.306,38.3775,1680,"Elazığ","Sivrice"
"KO","SVRH",31.523,39.447,1000,"Eskişehir","Sivrihisar"
"KO","SVSK",36.9925,39.9175,1630,"Sivas","Merkez"
"KO","TAHT",36.1855,36.3755,278,"Hatay","Antakya"
"KO","TASB",44.2384,39.9839,849,"Iğdır","Karakoyunlu"
"KO","TKR",27.5357,40.9902,140,"Tekirdağ","Süleymanpaşa"
"KO","TOKT",36.5445,40.3173,726,"Tokat","Merkez"
"KO","TOS",34.0225,41.0362,1046,"Kastamonu","Tosya"
"KO","TVSB",29.4615,39.4497,1090,"Kütahya","Tavşanlı"
"KO","UKOP",26.6322,41.1288,66,"Edirne","Uzunköprü"
"KO","URFA",38.8213,37.441,938,"Şanlıurfa","Karaköprü"
"KO","VANB",43.4058,38.509,1227,"Van","İpekyolu"
"KO","VRTB",41.4558,39.1603,1498,"Muş","Varto"
"KO","YAYX",33.8115,38.9387,1142,"Aksaray","Sarıyahşi"
"KO","YEDI",40.5443,39.4377,1557,"Bingöl","Yedisu"
"KO","YER",28.2858,37.1362,729,"Muğla","Menteşe"
"KO","YESY",33.7432,37.7825,1206,"Konya","Karapınar"
"KO","YKAV",27.2801,37.1246,115,"Muğla","Bodrum"
"KO","YLV",29.3708,40.5658,879,"Bursa","Orhangazi"
"KO","YOZ",35.3152,39.6376,1422,"Yozgat","Sorgun"
"KO","YUNK",31.7626,38.806,5,"Konya","Yunak"
"KO","YUVA",31.6872,40.391,1164,"Bolu","Seben"
"TU","TRML",29.1735,40.6094,150,"Yalova","Termal"
"TU","SFRN",29.2418,40.6061,110,"Yalova","Merkez"
"TU","ESNK",28.9751,40.6276,198,"Yalova","Çınarcık"
"TU","YGTL",29.0234,40.1761,591,"Bursa","Osmangazi"
"TK","1807",33.2585,40.8435,1144,"Çankırı","Kurşunlu"
"TK","1806",33.6019,40.601,794,"Çankırı","Merkez"
"TK","1907",34.8577,40.1745,925,"Çorum","Alaca"
"TK","1906",35.2998,40.5211,792,"Çorum","Mecitözü"
"TK","1908",34.3825,40.157,762,"Çorum","Sungurlu"
"TK","2017",29.3502,37.4335,906,"Denizli","Acıpayam"
"TK","2018",28.8948,37.233,705,"Denizli","Beyağaç"
"TK","2016",29.24,37.8044,368,"Denizli","Honaz"
"TK","2019",28.8438,37.442,1055,"Denizli","Kale"
"TK","2020",29.0694,37.5711,958,"Denizli","Tavas"
"TK","2105",40.0713,38.3581,873,"Diyarbakır","Dicle"
"TK","2104",39.759,38.2644,919,"Diyarbakır","Ergani"
"TK","2106",40.647,38.4616,1006,"Diyarbakır","Lice"
"TK","2103",40.3127,37.9441,730,"Diyarbakır","Sur"
"TK","8110",31.1428,41.09,8,"Düzce","Akçakoca"
"TK","2203",26.6319,40.8681,55,"Edirne","Keşan"
"TK","2204",26.6899,41.2932,51,"Edirne","Uzunköprü"
"TK","2516",40.9756,39.6153,1919,"Erzurum","Çat"
"TK","2517",41.9951,40.5502,1313,"Erzurum","Oltu"
"TK","2705",36.6206,37.0118,574,"Gaziantep","İslahiye"
"TK","2706",36.7328,37.1843,538,"Gaziantep","Nurdağı"
"TK","3125",36.1326,36.2381,156,"Hatay","Antakya"
"TK","3126",36.1375,36.2202,123,"Hatay","Antakya"
"TK","3136",36.2472,36.1159,269,"Hatay","Altınözü"
"TK","3135",35.8831,36.4089,3,"Hatay","Arsuz"
"TK","3131",36.1633,36.1912,203,"Hatay","Antakya"
"TK","3134",36.2049,36.8276,29,"Hatay","Dörtyol"
"TK","3128",36.1471,36.2056,104,"Hatay","Antakya"
"TK","3127",36.1353,36.21,121,"Hatay","Antakya"
"TK","3124",36.1722,36.2387,84,"Hatay","Antakya"
"TK","3139",36.4144,36.5838,109,"Hatay","Kırıkhan"
"TK","3130",36.145,36.1792,86,"Hatay","Defne"
"TK","3138",36.5112,36.8026,459,"Hatay","Hassa"
"TK","3137",36.4885,36.6929,260,"Hatay","Hassa"
"TK","3123",36.1597,36.2142,85,"Hatay","Antakya"
"TK","3142",36.3661,36.498,139,"Hatay","Kırıkhan"
"TK","3132",36.1716,36.2067,104,"Hatay","Antakya"
"TK","3133",36.5736,36.2432,170,"Hatay","Reyhanlı"
"TK","3140",35.9498,36.0816,3,"Hatay","Samandağ"
"TK","3141",36.2197,36.3726,111,"Hatay","Antakya"
"TK","3129",36.1343,36.1912,106,"Hatay","Defne"
"TK","3122",36.107,36.0343,1225,"Hatay","Yayladağı"
"TK","3419",29.358,41.061,66,"İstanbul","Çekmeköy"
"TK","3420",29.3563,41.0589,28,"İstanbul","Çekmeköy"
"TK","3413",28.9482,41.0943,70,"İstanbul","Eyüp"
"TK","3415",28.7585,41.0273,67,"İstanbul","Küçükçekmece"
"TK","3417",29.2563,40.9547,224,"İstanbul","Sultanbeyli"
"TK","3416",28.8364,40.9747,30,"İstanbul","Bakırköy"
"TK","4624",36.9177,37.5361,466,"Kahramanmaraş","Onikişubat"
"TK","4617",36.8303,37.5855,544,"Kahramanmaraş","Onikişubat"
"TK","4623",36.934,37.5692,523,"Kahramanmaraş","Dulkadiroğlu"
"TK","4618",36.8723,37.6001,831,"Kahramanmaraş","Onikişubat"
"TK","4622",36.9776,37.5843,635,"Kahramanmaraş","Dulkadiroğlu"
"TK","4625",36.9819,37.5387,549,"Kahramanmaraş","Dulkadiroğlu"
"TK","4621",36.9291,37.5935,655,"Kahramanmaraş","Dulkadiroğlu"
"TK","4626",36.9151,37.5753,572,"Kahramanmaraş","Onikişubat"
"TK","4619",36.8662,37.587,633,"Kahramanmaraş","Onikişubat"
"TK","4620",36.8985,37.5857,698,"Kahramanmaraş","Onikişubat"
"TK","7802",32.5322,40.9563,709,"Karabük","Eskipazar"
"TK","7103",34.0327,39.9403,684,"Kırıkkale","Delice"
"TK","3903",27.9853,41.8815,16,"Kırklareli","Demirköy"
"TK","3902",27.3248,41.3571,47,"Kırklareli","Lüleburgaz"
"TK","4002",33.7126,39.3652,1112,"Kırşehir","Kaman"
"TK","4129",30.1122,40.7175,40,"Kocaeli","Kartepe"
"TK","4130",29.3879,40.7545,22,"Kocaeli","Darıca"
"TK","4128",30.0244,40.7249,47,"Kocaeli","Kartepe"
"TK","4208",31.7466,37.678,1143,"Konya","Beyşehir"
"TK","4206",34.0484,37.5251,1032,"Konya","Ereğli"
"TK","4207",31.8489,37.4268,1148,"Konya","Seydişehir"
"TK","4311",29.9812,38.8524,1237,"Kütahya","Dumlupınar"
"TK","4309",28.9785,39.0928,828,"Kütahya","Simav"
"TK","4310",29.4939,39.5384,833,"Kütahya","Tavşanlı"
"TK","4815",28.046,36.6886,10,"Muğla","Marmaris"
"TK","4816",28.7986,36.7718,20,"Muğla","Dalaman"
"TK","4817",27.6031,37.2401,10,"Muğla","Milas"
"TK","4818",28.3575,37.444,897,"Muğla","Kavaklıdere"
"TK","4822",27.646,37.4417,128,"Muğla","Milas"
"TK","4823",27.644,37.4418,129,"Muğla","Milas"
"TK","4819",27.9712,37.0313,10,"Muğla","Milas"
"TK","4814",27.6567,37.3991,63,"Muğla","Milas"
"TK","4820",29.3543,36.6485,139,"Muğla","Seydikemer"
"TK","4821",28.4139,37.1055,615,"Muğla","Ula"
"TK","8002",36.562,37.1916,593,"Osmaniye","Bahçe"
"TK","5406",30.6225,40.6703,52,"Sakarya","Akyazı"
"TK","5404",30.2932,40.5191,82,"Sakarya","Geyve"
"TK","5405",30.7352,40.7961,173,"Sakarya","Hendek"
"TK","5403",30.27,40.6908,45,"Sakarya","Sapanca"
"TK","5504",35.6692,40.9723,680,"Samsun","Havza"
"TK","7302",42.2104,37.3315,407,"Şırnak","Cizre"
"TK","5810",38.1179,39.3704,1037,"Sivas","Divriği"
"TK","5809",37.3824,39.2308,1546,"Sivas","Kangal"
"TK","5811",36.4129,39.3616,1238,"Sivas","Şarkışla"
"TK","5808",36.5932,39.8662,1381,"Sivas","Yıldızeli"
"TK","5909",27.9831,41.2898,163,"Tekirdağ","Çerkezköy"
"TK","5908",27.5479,40.9821,64,"Tekirdağ","Süleymanpaşa"
"TK","5910",27.4861,40.9811,49,"Tekirdağ","Süleymanpaşa"
"TK","6008",36.8938,40.3743,881,"Tokat","Almus"
"TK","6202",39.8998,39.486,1525,"Tunceli","Pülümür"
"TK","6402",28.9766,38.4076,822,"Uşak","Eşme"
"TK","7712",29.5088,40.6929,4,"Yalova","Altınova"
"TK","7711",29.3271,40.6594,12,"Yalova","Çiftlikköy"
"TK","7708",29.2473,40.6576,2,"Yalova","Merkez"
"TK","7710",29.2668,40.59,219,"Yalova","Merkez"
"TK","7709",29.3259,40.5593,432,"Yalova","Merkez"
"TU","AKPI",33.9967,39.5039,1066,"Kırşehir","Akpınar"
"TU","MAYA",38.4253,38.3253,1067,"Malatya","Battalgazi"
"TU","AKCA",37.6882,37.7942,1067.5,"Adıyaman","Gölbaşı"
"TU","HANM",38.8805,37.5799,599,"Şanlıurfa","Hilvan"
"TU","RHAN",36.6022,36.2594,260,"Hatay","Reyhanlı"
"TU","NZIP",37.6747,37.0432,925,"Gaziantep","Nizip"
"TU","KURO",30.9336,38.734,1198,"Afyonkarahisar","Bolvadin"
"TU","BOZK",42.9763,40.5906,1892,"Kars","Merkez"
"TU","CNKL",26.3872,40.0662,109,"Çanakkale","Merkez"
"TU","DNIZ",29.0384,37.6256,1005,"Denizli","Tavas"
"TU","KARB",26.412,38.6635,207,"İzmir","Karaburun"
"TU","IZZE",29.2256,36.4368,305,"Muğla","Seydikemer"
"TU","BAND",28.0992,40.3553,291,"Balıkesir","Bandırma"
"TU","BKES",27.9293,39.733,324,"Balıkesir","Karesi"
"TU","AHAN",42.6244,41.1639,1844,"Ardahan","Merkez"
"TU","AZEY",38.2491,37.8105,815,"Adıyaman","Merkez"
"TU","NARI",38.7612,37.884,868,"Adıyaman","Kahta"
"TU","IZDR",40.5616,40.7858,793,"Rize","İkizdere"
"TU","MCUR",34.5283,39.1616,1195,"Kırşehir","Mucur"
"TU","SUSU",30.8438,40.3396,929,"Bolu","Göynük"
"TU","HISA",29.9217,40.466,885,"Bilecik","Osmaneli"
"TU","SEMS",29.7391,40.871,350,"Kocaeli","Körfez"
"TU","IZMR",27.9522,38.1367,168,"İzmir","Ödemiş"
"TU","SEYI",33.7416,41.6357,1056,"Kastamonu","Seydiler"
"TU","DERS",32.5506,40.8516,1182,"Karabük","Eskipazar"
"TU","BOLU",31.6766,40.7792,907,"Bolu","Merkez"
"TU","KHMR",36.908,37.3439,525,"Kahramanmaraş","Türkoğlu"
"TU","KONA",41.228,39.7792,3093,"Erzurum","Palandöken"
"TU","ETEKE",41.1379,39.7944,2137,"Erzurum","Palandöken"
"TU","DORK",42.7802,39.3872,1714,"Ağrı","Tutak"
"TU","DOMA",29.6952,39.7859,1041,"Kütahya","Domaniç"
"TU","EMET",29.3205,39.3755,1096,"Kütahya","Emet"
"TU","GOLE",42.5975,40.8363,2031,"Ardahan","Göle"
"TU","BNAZ",29.8795,38.679,1206,"Uşak","Banaz"
"TU","INCE",29.5753,37.7091,1026,"Denizli","Bozkurt"
"TU","KNIK",29.573,36.8454,1188,"Muğla","Seydikemer"
"TU","SABU",28.9686,36.8233,476,"Muğla","Dalaman"
"TU","UCKU",31.4253,38.6357,1141,"Afyonkarahisar","Sultandağı"
"TU","YAZI",27.4531,36.6813,207,"Muğla","Datça"
"TU","KIRA",28.4005,38.1966,1089,"İzmir","Kiraz"
"TU","ESEN",28.3484,37.7981,92,"Aydın","Nazilli"
"TU","YOZG",34.7959,39.7802,1370,"Yozgat","Merkez"
"TU","SUNG",34.2462,40.189,772,"Çorum","Sungurlu"
"TU","CBEY",32.7823,38.6899,1037,"Konya","Cihanbeyli"
"TU","BSIR",34.2905,38.2691,1240,"Aksaray","Güzelyurt"
"TU","YENC",33.8437,40.6813,999,"Çankırı","Yapraklı"
"TU","KESK",33.581,39.6347,1015,"Kırıkkale","Keskin"
"TU","HASA",36.4871,36.7502,480,"Hatay","Hassa"
"TU","IZMD",26.9281,38.9842,1021,"İzmir","Dikili"
"TU","BLKS",27.9684,39.8745,437,"Balıkesir","Karesi"
"TU","DNZT",29.0248,37.2787,1021,"Denizli","Tavas"
"TU","AFYN",30.5027,38.2714,1233,"Afyonkarahisar","Dinar"
"TU","EKONA",41.2279,39.7792,3092,"Erzurum","Palandöken"
"TB","BZGM",26.9865,40.1728,180,"Çanakkale","Biga"
"TB","KLCM",29.398,40.633,170,"Yalova","Çiftlikköy"
"TB","SNLM",28.209,41.228,173,"İstanbul","Silivri"
"TK","0703",30.148,36.3022,1,"Antalya","Finike"
"TK","3106",36.1583,36.5923,2,"Hatay","İskenderun"
"TK","5901",27.4966,40.9582,2,"Tekirdağ","Süleymanpaşa"
"TK","7705",29.2796,40.6587,3,"Yalova","Merkez"
"TK","1706",27.3061,40.4042,6,"Çanakkale","Biga"
"TK","4133",29.6936,40.7065,6,"Kocaeli","Gölcük"
"TK","6703",31.4092,41.29,9,"Zonguldak","Ereğli"
"TK","1638",29.0333,40.3612,10,"Bursa","Gemlik"
"TK","3107",36.1849,36.5821,10,"Hatay","İskenderun"
"TK","5301",40.5012,41.0397,10,"Rize","Merkez"
"TK","1637",29.0946,40.4763,11,"Bursa","Gemlik"
"TK","1702",26.4191,40.1525,13,"Çanakkale","Merkez"
"TK","3504",26.7586,38.6624,13,"İzmir","Foça"
"TK","2801",38.3612,40.9066,15,"Giresun","Merkez"
"TK","3501",27.1669,38.4594,15,"İzmir","Bayraklı"
"TK","5903",27.9503,40.973,15,"Tekirdağ","Marmaraereğlisi"
"TK","4804",28.6868,36.9697,17,"Muğla","Köyceğiz"
"TK","4805",28.2448,36.8394,19,"Muğla","Marmaris"
"TK","0718",32.317,36.2678,21,"Antalya","Gazipaşa"
"TK","1024",27.974,40.0475,25,"Balıkesir","Manyas"
"TK","4802",27.44,37.033,25,"Muğla","Bodrum"
"TK","3404",28.2557,41.0732,30,"İstanbul","Silivri"
"TK","5505",36.7287,41.2039,30,"Samsun","Çarşamba"
"TK","0922",27.7082,37.8537,34,"Aydın","İncirliova"
"TK","3502",27.2267,38.4551,35,"İzmir","Bornova"
"TK","0105",35.8162,37.0267,36,"Adana","Ceyhan"
"TK","1705",26.6672,40.4233,40,"Çanakkale","Gelibolu"
"TK","3403",28.7587,41.0265,55,"İstanbul","Küçükçekmece"
"TK","5407",30.358,40.7029,57,"Sakarya","Arifiye"
"TK","0921",27.5922,37.8747,66,"Aydın","Germencik"
"TK","4132",29.3813,40.8305,67,"Kocaeli","Çayırova"
"TK","0909",28.1506,37.8841,74,"Aydın","Sultanhisar"
"TK","1606",29.1221,40.363,74,"Bursa","Gemlik"
"TK","4101",29.9172,40.7665,77,"Kocaeli","İzmit"
"TK","1719",27.05,40.0293,80,"Çanakkale","Çan"
"TK","0904",28.0503,37.8572,81,"Aydın","Köşk"
"TK","0908",28.3431,37.9133,82,"Aydın","Nazilli"
"TK","1718",26.5862,39.8133,89,"Çanakkale","Bayramiç"
"TK","5408",30.0487,40.4543,89,"Sakarya","Pamukova"
"TK","1007",27.9423,40.3414,90,"Balıkesir","Bandırma"
"TK","3539",27.7211,38.1023,90,"İzmir","Tire"
"TK","1601",29.0752,40.2257,91,"Bursa","Osmangazi"
"TK","1612",29.7169,40.4416,92,"Bursa","İznik"
"TK","0907",28.4654,37.9115,93,"Aydın","Kuyucak"
"TK","6702",31.9667,41.2248,94,"Zonguldak","Devrek"
"TK","5409",30.1561,40.5059,95,"Sakarya","Pamukova"
"TK","0121",35.8208,37.4336,103,"Adana","Kozan"
"TK","4509",27.9199,38.7075,103,"Manisa","Gölmarmara"
"TK","3421",29.1836,40.8902,105,"İstanbul","Kartal"
"TK","3422",29.1836,40.8902,105,"İstanbul","Kartal"
"TK","3423",29.1836,40.8902,105,"İstanbul","Kartal"
"TK","1723",26.3872,40.0662,109,"Çanakkale","Merkez"
"TK","1104",30.0183,40.3574,113,"Bilecik","Osmaneli"
"TK","1023",28.1666,39.6825,117,"Balıkesir","Kepsut"
"TK","1636",29.1946,40.2171,118,"Bursa","Gürsu"
"TK","7713",29.2092,40.5905,122,"Yalova","Merkez"
"TK","3402",29.0622,41.0634,127,"İstanbul","Üsküdar"
"TK","3401",29.0095,41.0582,130,"İstanbul","Beşiktaş"
"TK","1615",29.2907,40.4224,132,"Bursa","Orhangazi"
"TK","1605",29.0959,40.2734,143,"Bursa","Osmangazi"
"TK","0635",32.2445,40.2126,144,"Ankara","Güdül"
"TK","1721",26.1905,39.5435,147,"Çanakkale","Ayvacık"
"TK","2007",28.9229,37.9325,157,"Denizli","Sarayköy"
"TK","1720",26.1206,39.5288,160,"Çanakkale","Ayvacık"
"TK","3538",27.1234,38.3187,168,"İzmir","Gaziemir"
"TK","3540",27.9522,38.1367,168,"İzmir","Ödemiş"
"TK","1635",29.2587,40.4497,169,"Bursa","Orhangazi"
"TK","1603",29.1296,40.1824,193,"Bursa","Yıldırım"
"TK","1604",29.1273,40.1831,193,"Bursa","Yıldırım"
"TK","1608",29.1793,40.4105,194,"Bursa","Gemlik"
"TK","4511",28.6912,38.24,208,"Manisa","Sarıgöl"
"TK","2021",29.0346,38.1142,210,"Denizli","Güney"
"TK","2022",29.0345,38.1152,210,"Denizli","Güney"
"TK","2617",30.5724,40.0275,211,"Eskişehir","Mihalgazi"
"TK","0903",28.746,37.9739,212,"Aydın","Buharkent"
"TK","1617",29.2993,40.4941,218,"Bursa","Orhangazi"
"TK","1641",29.6525,40.2769,235,"Bursa","Yenişehir"
"TK","0128",35.0628,37.2503,236,"Adana","Karaisalı"
"TK","1021",27.5762,39.7474,248,"Balıkesir","Balya"
"TK","1639",29.5418,40.3776,250,"Bursa","İznik"
"TK","1012",27.8618,40.3465,257,"Balıkesir","Bandırma"
"TK","1001",27.8569,39.65,262,"Balıkesir","Karesi"
"TK","1022",27.4936,39.5817,262,"Balıkesir","İvrindi"
"TK","2023",29.0349,38.1154,269,"Denizli","Güney"
"TK","3703",33.3284,41.2456,282,"Kastamonu","Araç"
"TK","5703",34.7832,41.4648,288,"Sinop","Boyabat"
"TK","8111",31.4487,40.9614,330,"Düzce","Yığılca"
"TK","4131",29.9219,40.8205,366,"Kocaeli","İzmit"
"TK","0502",35.8528,40.6683,419,"Amasya","Merkez"
"TK","1902",34.8002,40.9763,422,"Çorum","Osmancık"
"TK","2001",29.0922,37.7622,427,"Denizli","Pamukkale"
"TK","3143",36.5571,36.8489,430,"Hatay","Hassa"
"TK","1025",27.9684,39.8745,437,"Balıkesir","Karesi"
"TK","4512",28.8652,38.7422,440,"Manisa","Selendi"
"TK","1640",28.9868,39.9112,465,"Bursa","Orhaneli"
"TK","2707",36.5738,36.9309,487,"Gaziantep","İslahiye"
"TK","4629",36.7887,37.2874,494,"Kahramanmaraş","Türkoğlu"
"TK","4632",36.7737,37.256,507,"Kahramanmaraş","Türkoğlu"
"TK","3144",36.486,36.7575,509,"Hatay","Hassa"
"TK","0512",35.6631,40.8154,519,"Amasya","Suluova"
"TK","4633",36.908,37.3439,525,"Kahramanmaraş","Türkoğlu"
"TK","2709",36.6705,37.1285,531,"Gaziantep","İslahiye"
"TK","4630",36.806,37.3449,531,"Kahramanmaraş","Türkoğlu"
"TK","1103",30.3083,40.2822,538,"Bilecik","Gölpazarı"
"TK","2708",36.6484,37.0993,554,"Gaziantep","İslahiye"
"TK","4603",36.9306,37.58,562,"Kahramanmaraş","Dulkadiroğlu"
"TK","4602",36.9151,37.5753,572,"Kahramanmaraş","Onikişubat"
"TK","0209",38.4825,37.5776,613,"Adıyaman","Samsat"
"TK","0127",35.9204,37.8162,614,"Adana","Feke"
"TK","5506",36.0479,41.0782,620,"Samsun","Kavak"
"TK","2003",28.8336,38.0448,621,"Denizli","Buldan"
"TK","1106",30.5209,40.1769,626,"Bilecik","Yenipazar"
"TK","4627",37.1574,37.3919,650,"Kahramanmaraş","Pazarcık"
"TK","1413",32.0741,40.9386,658,"Bolu","Mengen"
"TK","4510",28.6431,38.5461,665,"Manisa","Kula"
"TK","1105",30.179,40.0231,667,"Bilecik","Söğüt"
"TK","1010",28.6266,39.6041,690,"Balıkesir","Dursunbey"
"TK","3145",36.4064,36.6454,695,"Hatay","Kırıkhan"
"TK","3146",36.227,36.4908,698,"Hatay","Belen"
"TK","0511",35.0285,40.7857,707,"Amasya","Hamamözü"
"TK","0634",33.416,40.1061,710,"Ankara","Kalecik"
"TK","2107",39.4838,38.1459,714,"Diyarbakır","Çermik"
"TK","0210",38.2544,37.7863,741,"Adıyaman","Merkez"
"TK","1404",30.7831,40.3966,744,"Bolu","Göynük"
"TK","2618",30.9585,39.7668,766,"Eskişehir","Alpu"
"TK","2605",30.533,39.723,770,"Eskişehir","Odunpazarı"
"TK","0637",31.9213,40.1674,785,"Ankara","Beypazarı"
"TK","8004",36.0976,37.3799,819,"Osmaniye","Kadirli"
"TK","1634",28.8821,39.7763,821,"Bursa","Büyükorhan"
"TK","1406",31.2099,40.4684,831,"Bolu","Mudurnu"
"TK","0126",35.3919,37.5455,834,"Adana","Aladağ"
"TK","0626",32.6953,39.9905,836,"Ankara","Yenimahalle"
"TK","2025",29.7366,38.2957,837,"Denizli","Çivril"
"TK","2024",29.3954,38.0868,844,"Denizli","Çal"
"TK","0640",33.4084,40.0972,850,"Ankara","Kalecik"
"TK","1503",30.5884,37.46,850,"Burdur","Bucak"
"TK","4513",27.6171,39.1892,862,"Manisa","Soma"
"TK","4314",29.6174,39.8063,873,"Kütahya","Domaniç"
"TK","5203",37.3867,40.677,884,"Ordu","Aybastı"
"TK","0609",33.206,39.3152,897,"Ankara","Bala"
"TK","6403",29.7568,38.7361,921,"Uşak","Banaz"
"TK","3203",30.874,37.8215,926,"Isparta","Eğirdir"
"TK","0607",33.2173,39.4634,927,"Ankara","Bala"
"TK","0614",33.217,39.464,927,"Ankara","Bala"
"TK","1808",33.6282,40.9248,938,"Çankırı","Ilgaz"
"TK","4302",29.9972,39.4193,938,"Kütahya","Merkez"
"TK","4003",34.4161,39.6025,939,"Kırşehir","Çiçekdağı"
"TK","3204",31.0162,38.118,943,"Isparta","Gelendost"
"TK","1501",30.294,37.722,957,"Burdur","Merkez"
"TK","4604",36.3574,37.5701,965,"Kahramanmaraş","Andırın"
"TK","0606",33.0964,39.2884,978,"Ankara","Bala"
"TK","0613",33.097,39.288,978,"Ankara","Bala"
"TK","5812",38.3457,40.088,985,"Sivas","Akıncılar"
"TK","0638",33.1225,39.5538,987,"Ankara","Bala"
"TK","0632",31.3627,40.184,989,"Ankara","Nallıhan"
"TK","0312",31.0401,38.7189,997,"Afyonkarahisar","Bolvadin"
"TK","2303",39.9319,38.6958,1000,"Elazığ","Palu"
"TK","3205",30.2961,37.9302,1001,"Isparta","Keçiborlu"
"TK","3704",34.2108,41.5161,1002,"Kastamonu","Taşköprü"
"TK","4313",29.62,39.196,1012,"Kütahya","Çavdarhisar"
"TK","2415",38.5549,39.461,1018,"Erzincan","İliç"
"TK","2026",29.0248,37.2787,1021,"Denizli","Tavas"
"TK","3541",26.9281,38.9842,1021,"İzmir","Dikili"
"TK","4312",30.1065,39.0578,1028,"Kütahya","Altıntaş"
"TK","0313",31.0268,38.5935,1036,"Afyonkarahisar","Çay"
"TK","0610",33.7188,39.4526,1051,"Kırşehir","Kaman"
"TK","1909",34.4675,40.7253,1080,"Çorum","İskilip"
"TK","2620",31.5351,39.4472,1081,"Eskişehir","Sivrihisar"
"TK","0633",33.2244,39.9214,1099,"Ankara","Elmadağ"
"TK","0314",30.2465,38.7442,1117,"Afyonkarahisar","Sinanpaşa"
"TK","0636",33.5401,38.938,1132,"Ankara","Şereflikoçhisar"
"TK","1205",40.5032,38.8971,1133,"Bingöl","Merkez"
"TK","4605",37.1977,38.2037,1133,"Kahramanmaraş","Elbistan"
"TK","1801",32.8834,40.8149,1137,"Çankırı","Çerkeş"
"TK","3805",35.3578,38.1054,1183,"Kayseri","Yahyalı"
"TK","0639",32.6506,40.4698,1211,"Ankara","Kızılcahamam"
"TK","4403",37.8873,38.0962,1215,"Malatya","Doğanşehir"
"TK","2520",41.0088,40.4881,1224,"Erzurum","İspir"
"TK","4628",36.9228,38.2412,1228,"Kahramanmaraş","Afşin"
"TK","0315",30.5027,38.2714,1233,"Afyonkarahisar","Dinar"
"TK","2412",39.6922,39.592,1238,"Erzincan","Merkez"
"TK","3803",35.4791,38.3949,1271,"Kayseri","Develi"
"TK","2619",31.4926,39.8585,1277,"Eskişehir","Mihalıcçık"
"TK","7104",33.6136,39.6731,1291,"Kırıkkale","Keskin"
"TK","0608",33.1198,39.5561,1294,"Ankara","Bala"
"TK","0615",33.12,39.556,1294,"Ankara","Bala"
"TK","2004",29.3464,37.0741,1297,"Denizli","Çameli"
"TK","2414",39.4186,39.7951,1301,"Erzincan","Merkez"
"TK","0611",33.1247,39.5485,1303,"Ankara","Bala"
"TK","5813",37.5402,40.214,1303,"Sivas","Doğanşar"
"TK","5814",38.6036,40.0618,1320,"Sivas","Gölova"
"TK","5202",37.0151,40.8021,1323,"Ordu","Akkuş"
"TK","0612",33.1247,39.5485,1345,"Ankara","Bala"
"TK","2519",42.1326,40.8266,1345,"Erzurum","Olur"
"TK","2803",38.427,40.2952,1359,"Giresun","Şebinkarahisar"
"TK","1208",41.0536,38.9677,1382,"Bingöl","Solhan"
"TK","2405",40.2347,39.466,1417,"Tunceli","Pülümür"
"TK","4631",37.4277,37.9663,1421,"Kahramanmaraş","Nurhak"
"TK","2406",40.3839,39.7767,1429,"Erzincan","Tercan"
"TK","2904",39.1185,40.1908,1443,"Gümüşhane","Şiran"
"TK","0129",36.2109,38.2592,1456,"Adana","Tufanbeyli"
"TK","2802",38.7603,40.332,1461,"Giresun","Alucra"
"TK","4902",42.5307,39.1439,1519,"Muş","Malazgirt"
"TK","2413",40.0386,39.8077,1522,"Erzincan","Çayırlı"
"TK","3804",36.3779,38.7227,1524,"Kayseri","Pınarbaşı"
"TK","5103",34.9909,37.8323,1536,"Niğde","Çamardı"
"TK","2503",42.1736,40.0415,1545,"Erzurum","Horasan"
"TK","2518",41.2774,39.9072,1571,"Erzurum","Yakutiye"
"TK","2403",38.7685,39.8993,1587,"Erzincan","Refahiye"
"TK","0402",44.0909,39.5493,1593,"Ağrı","Doğubayazıt"
"TK","2903",39.6586,40.2084,1594,"Gümüşhane","Köse"
"TK","1301",42.281,38.5031,1676,"Bitlis","Tatvan"
"TK","6509",43.3596,38.5201,1688,"Van","Tuşba"
"TK","6502",43.768,38.9901,1712,"Van","Muradiye"
"TK","6503",43.763,38.9901,1712,"Van","Muradiye"
"TK","6504",43.763,38.9901,1712,"Van","Muradiye"
"TK","3601",43.0821,40.6028,1763,"Kars","Merkez"
"TK","6511",43.479,38.317,1800,"Van","Gürpınar"
"TK","6510",43.2682,38.4145,1850,"Van","Edremit"
"TK","7503",42.6052,40.7912,2022,"Ardahan","Göle"
"TK","0101",35.226,37.044,0,"Adana","Çukurova"
"TK","0102",35.367,37.0579,0,"Adana","Sarıçam"
"TK","0103",35.3706,36.9958,0,"Adana","Yüreğir"
"TK","0106",35.567,36.908,0,"Adana","Yüreğir"
"TK","0107",35.633,37.033,0,"Adana","Sarıçam"
"TK","0108",35.617,36.876,0,"Adana","Yüreğir"
"TK","0109",35.689,37.178,0,"Adana","Ceyhan"
"TK","0111",35.2254,37.0185,0,"Adana","Seyhan"
"TK","0112",35.4763,36.8716,0,"Adana","Yüreğir"
"TK","0113",35.6273,36.9555,0,"Adana","Yüreğir"
"TK","0114",35.6929,37.1758,0,"Adana","Ceyhan"
"TK","0115",35.4544,37.0812,0,"Adana","Sarıçam"
"TK","0116",35.4626,37.1047,0,"Adana","Sarıçam"
"TK","0117",35.2411,36.8384,0,"Adana","Yüreğir"
"TK","0203",37.6606,37.7903,0,"Adıyaman","Gölbaşı"
"TK","0303",30.162,38.0715,0,"Afyonkarahisar","Dinar"
"TK","0304",30.171,38.067,0,"Afyonkarahisar","Dinar"
"TK","0305",30.1597,38.0664,0,"Afyonkarahisar","Dinar"
"TK","0306",30.1355,38.0534,0,"Afyonkarahisar","Dinar"
"TK","0307",30.178,38.076,0,"Afyonkarahisar","Dinar"
"TK","1002",27.8936,39.6392,0,"Balıkesir","Altıeylül"
"TK","1004",27.8877,39.6219,0,"Balıkesir","Altıeylül"
"TK","1202",40.41,38.919,0,"Bingöl","Merkez"
"TK","1203",40.577,38.858,0,"Bingöl","Merkez"
"TK","1204",40.504,38.885,0,"Bingöl","Merkez"
"TK","1207",40.28,39.34,0,"Bingöl","Kiğı"
"TK","1602",29.0509,40.1941,0,"Bursa","Osmangazi"
"TK","2006",29.668,37.825,0,"Denizli","Çardak"
"TK","2402",39.4866,39.7515,0,"Erzincan","Merkez"
"TK","2502",41.256,39.906,0,"Erzurum","Yakutiye"
"TK","2504",42.173,40.043,0,"Erzurum","Horasan"
"TK","3102",36.159,36.213,0,"Hatay","Antakya"
"TK","3505",26.7521,38.6681,0,"İzmir","Foça"
"TK","3507",26.3726,38.3039,0,"İzmir","Çeşme"
"TK","4402",38.34,38.35,0,"Malatya","Battalgazi"
"TK","7502",42.7013,41.1116,0,"Ardahan","Merkez"
"TK","7601",44.0538,39.9264,0,"Iğdır","Merkez"
"TK","0901",27.8381,37.8366,46,"Aydın","Efeler"
"TK","0600",32.753,39.9081,850,"Ankara","Çankaya"
"TK","0503",35.8348,40.6668,0,"Amasya","Merkez"
"TK","6002",36.57,40.3,0,"Tokat","Merkez"
"TU","EDAM",41.2587,39.8954,1925,"Erzurum","Palandöken"
"TU","BYAT",30.9831,38.9469,1164,"Afyonkarahisar","Bayat"
"TU","CTIK",31.639,39.0298,935,"Konya","Çeltik"
"-","MKCC",40.2246,39.1312,1681,"Elazığ","Karakoçan"
"TU","MAYK",40.3625,38.7341,1140,"Bingöl","Merkez"
"TU","MKEM",39.0536,39.7576,1573,"Erzincan","Kemah"
"TU","MTER",40.3458,39.7569,1543.4,"Erzincan","Tercan"
"-","MARP",38.5109,38.8411,1100,"Malatya","Arapgir"
"TU","MDIV",38.0448,39.3212,1219,"Sivas","Divriği"
"-","MBOZ",38.6529,40.056,1479,"Sivas","Gölova"
"TU","MIMR",38.1738,39.8613,1687,"Sivas","İmranlı"
"TU","MCKZ",38.9753,39.1189,1514,"Tunceli","Çemişgezek"
"-","MILC",38.6396,39.5608,1477,"Erzincan","İliç"
"TU","AYAZ",34.8574,40.679,1122,"Çorum","Merkez"
"TU","GOKD",33.4753,40.0728,902,"Ankara","Kalecik"
"TU","IMRA",28.5285,40.5639,125,"Bursa","Karacabey"
"TK","1656",28.5285,40.5639,125,"Bursa","Karacabey"
"TU","SATE",29.2859,41.013,144,"İstanbul","Sancaktepe"
"TU","CATL",28.3561,41.3407,375,"İstanbul","Çatalca"
"TU","MADA",27.554,40.5892,112,"Balıkesir","Marmara"
"TU","MURA",27.4858,41.1509,107.5,"Tekirdağ","Muratlı"
"TU","GOKT",26.6266,40.6617,176,"Edirne","Keşan"
"TU","LAPS",26.8386,40.2522,450,"Çanakkale","Lapseki"
"TU","MHAV",37.9104,37.7737,778.8,"Adıyaman","Tut"
"TU","MYES",38.4039,37.9729,1115.2,"Adıyaman","Çelikhan"
"TU","MDUR",39.4749,38.4319,1303.4,"Elazığ","Maden"
"TU","MSAY",39.2104,38.5903,987.8,"Elazığ","Merkez"
"TU","MTYK",37.0627,37.0135,781.2,"Gaziantep","Şahinbey"
"TU","BEYE",26.9271,38.227,336,"İzmir","Seferihisar"
"TU","DAGE",27.7508,38.004,654,"İzmir","Tire"
"TU","MGUN",38.8585,38.1669,1507,"Malatya","Pütürge"
"TU","MENG",37.2636,37.7759,1440,"Kahramanmaraş","Çağlayancerit"
"TU","KKOY",40.5086,38.2917,963,"Diyarbakır","Kocaköy"
"TU","DCES",26.2336,38.2792,25,"İzmir","Çeşme"
"TU","DSLC",27.3863,37.8457,205,"İzmir","Selçuk"
"TU","DEUN",27.2141,38.369,235,"İzmir","Buca"
"TU","DDKL",26.8233,39.2068,116,"İzmir","Dikili"
"TU","DKRZ",28.4265,38.1243,735,"İzmir","Kiraz"
"-","AMAZ",27.6752,37.0302,297,"Muğla","Bodrum"
"-","ACFT",27.8099,37.1351,415,"Muğla","Milas"
"-","ACML",28.008,37.2338,809,"Muğla","Yatağan"
"-","ASRN",28.1354,37.0762,733,"Muğla","Menteşe"
"-","AFDL",28.6091,37.2817,732,"Muğla","Menteşe"
"-","AKVC",28.6465,37.1003,474,"Muğla","Ula"
"-","ACOR",28.4643,36.9929,109,"Muğla","Ula"
"-","ADGY",28.1519,36.8382,20,"Muğla","Marmaris"
"-","AEMC",27.9228,36.7806,116,"Muğla","Datça"
"TU","TRC1",35.3281,38.4636,2102,"Kayseri","Develi"
"TU","TRC2",35.5331,38.5425,2202,"Kayseri","Melikgazi"
"TU","TRC3",35.4669,38.59,2102,"Kayseri","Hacılar"
"TU","MTOP",37.8538,38.0984,1397,"Malatya","Doğanşehir"
"TU","MKAM",38.6819,38.3226,1365,"Malatya","Battalgazi"
"TU","MGNB",38.2621,38.286,1065,"Malatya","Yeşilyurt"
"TU","MGND",37.4205,37.4714,1055,"Kahramanmaraş","Pazarcık"
"TU","MIND",36.6412,37.2643,1105,"Osmaniye","Bahçe"
"TU","SARY",29.0272,41.1344,130,"İstanbul","Sarıyer"
"TU","BIRL",28.8368,40.9755,13,"İstanbul","Bakırköy"
"TU","TMP1",35.8362,36.3596,95,"Hatay","Arsuz"
"TU","TOPK",36.135,37.0608,77,"Osmaniye","Toprakkale"
"TU","OZDE",27.1257,38.0178,145,"İzmir","Menderes"
"TU","DKIZ",27.3906,38.3135,324,"İzmir","Kemalpaşa"
"TU","ARTU",40.6336,37.3462,1061,"Mardin","Artuklu"
"TU","TASL",28.099,36.6346,245,"Muğla","Marmaris"
"TU","TMAL",27.0037,40.947,127,"Tekirdağ","Şarköy"
"TU","TKOY",27.1829,40.6752,349,"Tekirdağ","Malkara"
"TU","AVCA",27.8502,41.8995,231,"Kırklareli","Demirköy"
"TU","EYUP",28.9391,41.1173,81.5,"İstanbul","Eyüp"
"TU","LALA",26.6715,41.9186,337,"Edirne","Lalapaşa"
"TU","DOGU",44.0437,39.6556,1571,"Ağrı","Doğubayazıt"
"TU","SAPH",29.1629,38.892,1047,"Kütahya","Şaphane"
"TU","SNCT",29.2859,41.0131,139,"İstanbul","Sancaktepe"
"TU","SNKY",42.3394,40.5725,1820,"Erzurum","Şenkaya"
"TU","KOZL",41.5677,38.175,783,"Batman","Kozluk"
"TU","SCAK",40.391,39.0948,1627,"Bingöl","Merkez"
"TU","RFAH",38.756,39.9379,1769,"Erzincan","Refahiye"
"TU","PURS",28.2036,39.2313,380,"Balıkesir","Sındırgı"
"TU","ARNA",28.6838,41.347,55,"İstanbul","Arnavutköy"
"TU","SIVE",39.5585,37.803,1155.8,"Şanlıurfa","Siverek"
"TU","VSEH",39.8145,37.4967,1100,"Şanlıurfa","Viranşehir"
"TU","ISIL",29.5805,41.1489,36.2,"İstanbul","Şile"
"TU","IDIL",41.7949,37.2716,927.8,"Şırnak","İdil"
"TU","DBAK",39.99,38.0643,742.9,"Diyarbakır","Kayapınar"
"TU","SILP",42.4771,37.2611,616.9,"Şırnak","Silopi"
"TU","ERUH",42.1611,37.7815,1366.7,"Siirt","Eruh"
"TU","BEYT",43.1685,37.5738,1680,"Şırnak","Beytüşşebap"
"TU","MALZ",42.4796,39.1521,1529,"Muş","Malazgirt"
"TU","GENC",40.4993,38.6622,1314.8,"Bingöl","Genç"
"TU","TERC",40.446,39.7867,1619.4,"Erzincan","Tercan"
"TU","PBAS",36.2575,38.6438,1511.7,"Kayseri","Pınarbaşı"
"TU","AHLT",42.3278,38.7035,1893.6,"Bitlis","Ahlat"