network,station,latitude,longitude,elevation
KO,MAZI,37.4593,40.4465,1204.0
KO,TOKT,40.3173,36.5443,726.0
KO,GULF,40.914,35.879,1050.0
KO,BASM,37.9194,30.035,897.0
KO,KVT,41.0807,36.0463,649.0
KO,SINP,41.9824,35.0956,100.0
KO,PRSB,41.1044,37.7753,100.0
KO,ELL,36.7483,29.9085,1230.0
KO,KRTD,36.5934,35.4157,47.0
KO,BALB,39.6507,27.8642,266.0
KO,KOZT,37.4795,35.8264,381.0
KO,BODT,37.0622,27.3103,379.0
KO,KCTX,40.2626,28.3353,445.0
KO,URFA,37.4409,38.8213,938.0
KO,BCA,41.445,41.6223,500.0
KO,DYBB,37.9532,40.1393,657.0
KO,LMOS,36.6021,32.6962,1430.0
KO,DOGC,41.3949,26.9852,81.0
KO,YESY,37.7825,33.7431,1206.0
KO,KAVV,41.0638,29.06,138.0
KO,SAUV,40.7401,30.3271,170.0
KO,TKR,40.9893,27.5351,140.0
KO,KUPE,40.8766,36.0489,1050.0
KO,KOUK,40.6572,29.1918,1.0
KO,DENT,37.7539,29.0331,621.0
KO,SVSK,39.9157,36.9925,1630.0
KO,ILIC,39.4518,38.5675,1295.0
KO,GURO,38.5509,42.0322,1388.0
KO,KMRS,37.5087,36.9,590.0
KO,RSDY,40.3971,37.3273,550.0
KO,KRBG,40.3932,27.2977,79.0
KO,DST,39.6041,28.6267,693.0
KO,DAT,36.7308,27.5767,1100.0
KO,YARM,40.9231,35.8266,1050.0
KO,GELI,40.398,26.4742,126.0
KO,AKDM,38.3285,42.98,1662.0
KO,SVRC,38.3775,39.306,1680.0
KO,GOKC,40.1998,25.9183,123.0
KO,OSMT,40.6009,29.7,798.0
KO,DARE,38.5712,37.4832,1080.0
KO,CLDR,39.144,43.9172,2094.0
KO,SIMA,39.0833,28.9825,984.0
KO,KIZT,38.8808,31.883,1222.0
KO,SAFT,41.2398,32.6871,406.0
KO,MDUB,40.4712,31.1976,1109.0
KO,SVRH,39.447,31.523,1000.0
KO,SNOP,42.0195,35.2069,180.0
KO,KEMT,36.6037,30.5558,0.0
KO,SHUT,38.553,30.551,1215.0
KO,DEMR,36.2365,29.9056,168.0
KO,BCK,37.4602,30.5885,858.0
KO,DALY,36.8162,28.6532,100.0
KO,SERE,38.9463,33.564,1216.0
KO,YOZ,39.6376,35.3152,1422.0
KO,SARI,38.4072,36.4181,1673.0
KO,KDZE,41.3132,31.443,410.0
KO,BZK,41.96,34.0035,158.0
KO,RKY,40.6874,27.1776,687.0
KO,BOZY,36.1069,32.9763,9.0
KO,CRLU,41.1428,27.8215,126.0
KO,ARPRA,39.0929,38.3356,1522.0
KO,CANT,40.6062,33.6193,815.0
KO,MLSB,37.2953,27.7767,500.0
KO,SVAN,38.1511,41.1984,650.0
KO,PTK,38.8923,39.3923,1835.0
KO,TASB,39.9838,44.2384,849.0
KO,MRSB,36.7161,28.1969,402.0
KO,SULT,38.1988,33.5157,982.0
KO,MERS,36.8678,34.522,750.0
KO,GMLD,38.0766,26.9157,10.0
KO,MDNY,40.3709,28.8846,116.0
KO,KLYT,41.253,29.042,30.0
KO,RUZG,40.7242,31.7936,1567.0
KO,KHMN,37.3916,37.1574,640.0
KO,KYHL,40.3244,37.8955,1568.0
KO,YER,37.1336,28.284,729.0
KO,HRTX,40.8009,29.6729,573.0
KO,CAND,38.9542,26.8031,157.0
KO,CUKT,37.2473,43.6077,1298.0
KO,CTKS,41.2373,28.5072,47.0
KO,ADVT,40.4332,29.7383,193.0
KO,DIKM,41.6497,35.2578,261.0
KO,TUZL,40.8128,29.2657,12.0
KO,SDAG,38.4396,30.9175,1140.0
KO,YEDI,39.4377,40.5443,1557.0
KO,CHBY,38.5823,32.8902,1086.0
KO,EDC,40.3465,27.8618,257.0
KO,UKOP,41.1288,26.6323,70.0
KO,ANTB,36.8998,30.6538,20.0
KO,APMY,37.4717,29.3018,930.0
KO,GPNR,39.456,26.1331,55.0
KO,BODA,37.0348,27.4304,11.8
KO,KAMT,39.3689,33.7087,1120.0
KO,BUYA,40.8694,29.1278,40.0
KO,AKIN,35.0157,33.4662,225.0
KO,YKBL,40.9908,28.6678,139.0
KO,TAHT,36.3755,36.1855,278.0
KO,LOD,39.8884,32.7634,902.0
KO,GPA,40.2911,30.3171,570.0
KO,GUMT,40.4665,39.478,1326.0
KO,SHAP,39.0231,29.222,1050.0
KO,VRTB,39.1603,41.4558,1498.0
KO,ERCV,39.0198,43.3381,1679.0
KO,GEDZ,39.0445,29.4105,883.0
KO,AGRB,39.5755,42.992,1820.0
KO,BGKT,41.181,28.773,80.0
KO,BAYT,40.3937,40.141,1680.0
KO,CMRD,37.6623,34.9902,1234.0
KO,SOMA,39.1564,27.5341,243.0
KO,GADA,40.1908,25.8987,59.0
KO,IKL,36.2366,33.6845,126.0
KO,ERBG,40.712,36.6768,510.0
KO,CESE,38.3306,26.2997,95.0
KO,KRBN,38.5936,26.5537,135.0
KO,GULT,40.432,30.5152,942.0
KO,DKL,39.0713,26.9053,35.0
KO,DIDI,37.3767,27.2398,75.0
KO,YAYX,38.9387,33.8115,1142.0
KO,KOPR,39.9917,41.8535,1675.0
KO,AVCI,40.9958,28.7225,90.0
KO,BBRN,36.6796,28.0587,194.0
KO,SILT,41.153,29.643,100.0
KO,BOTS,40.9902,27.981,30.0
KO,FETI,36.6903,29.096,24.0
KO,CANM,40.0113,27.0529,180.0
KO,CHOM,41.097,40.7612,422.0
KO,KARS,40.6152,43.0937,1747.0
KO,UVEZ,40.904,30.9032,550.0
KO,KUMB,40.8626,27.4592,25.6
KO,LADK,38.1999,32.3648,1168.0
KO,SINB,40.9998,28.5392,59.0
KO,GONE,40.0466,27.686,143.0
KO,LAFA,40.7598,29.3554,38.0
KO,ASYA,40.8956,27.465,2.0
KO,MRMT,40.609,27.5832,213.0
KO,MLAZ,39.141,42.5496,1581.0
KO,KAYA,40.9468,35.7491,1050.0
KO,SEYD,37.4056,31.8379,1160.0
KO,KOZK,39.2101,34.868,1134.0
KO,IZI,40.3483,29.4612,910.0
KO,TEKI,40.9862,27.5374,126.0
KO,TOS,41.0362,34.0226,1046.0
KO,YKAV,37.1246,27.2801,115.0
KO,BLCB,38.3853,27.042,150.0
KO,KTUT,40.987,39.7667,171.0
KO,TVSB,39.4497,29.4615,1090.0
KO,SLVT,41.2288,28.2098,180.0
KO,ERZN,39.5867,39.722,1317.0
KO,KARA,37.2607,35.0547,366.0
KO,ESKY,40.5918,28.9071,2.0
KO,LAP,40.3703,26.7593,230.0
KO,ESPY,40.9167,38.7273,430.0
KO,CTYL,41.476,28.2897,77.0
KO,HOPA,41.3867,41.4458,100.0
KO,EZN,39.8255,26.3246,48.0
KO,AKS,38.8785,27.8129,385.0
KO,HKOY,40.892,35.9884,0.0
KO,KRTL,40.9089,29.1987,83.0
KO,LFK,35.2832,33.5335,690.0
KO,CORM,40.1785,34.6302,1292.0
KO,SLFK,36.3925,33.9464,54.0
KO,BLVD,38.7946,31.095,1220.0
KO,SPNC,40.686,30.3083,190.0
KO,KULA,38.5145,28.6607,915.0
KO,CEYT,37.0105,35.7478,100.0
KO,KIYI,41.4844,28.2998,23.0
KO,GRDE,40.7995,32.2116,0.0
KO,EDRB,41.8469,26.7437,209.0
KO,YUNK,38.806,31.7626,0.0
KO,VANB,38.509,43.4056,1227.0
KO,BNN,38.8521,35.8472,1380.0
KO,GAZK,40.7479,27.3275,30.0
KO,BRGA,40.8846,29.065,67.0
KO,KMON,41.3738,33.7839,936.0
KO,KRTS,36.573,35.375,53.0
KO,HVHR,40.9699,28.8445,22.0
KO,CRLT,41.129,27.736,230.0
KO,MAEG,40.9653,27.9448,2.0
KO,CAME,36.9435,29.3023,1391.0
KO,RFHY,39.927,38.833,1851.0
KO,BNGB,38.9913,40.6792,1180.0
KO,TZLA,40.8123,29.2968,2.0
KO,ODEM,38.2762,28.0747,797.0
KO,MASR,41.7596,32.4658,325.0
KO,HDMB,36.9638,32.4857,1946.0
KO,KONT,37.957,32.3563,1100.0
KO,ENZZ,40.607,26.1406,11.0
KO,ALAN,36.557,32.0327,215.0
KO,SIRT,37.501,42.4392,1038.0
KO,CHAY,41.0862,40.7253,60.0
KO,YENI,39.9364,27.24216,278.0
KO,ARMT,40.5683,28.866,320.0
KO,PHSR,41.6308,27.5238,263.0
KO,ERIK,40.6708,26.5132,38.0
KO,KHL,38.3231,29.5286,1003.0
KO,TUNC,39.6942,37.5388,1489.0
KO,YLVH,40.6953,29.3703,0.0
KO,GORD,38.9088,28.1769,744.0
KO,KURC,41.8456,32.743,143.0
KO,YUVA,40.391,31.6872,1163.0
KO,YAYO,39.6113,27.0726,122.0
KO,SENK,40.5614,42.3505,1939.0
KO,NIG,38.108,34.6142,2270.0
KO,BUYK,41.0168,28.5828,2.0
KO,FETY,36.6353,29.0835,200.0
KO,GEML,40.4646,29.2116,222.0
KO,AYDB,37.9467,27.8908,1246.0
KO,SUSR,39.9627,28.0835,359.0
KO,FOCM,38.7131,26.7309,34.0
KO,GOMA,38.7077,27.9175,110.0
KO,HYBA,40.8748,29.0861,65.0
KO,EREN,35.5292,34.1742,88.0
KO,POLA,39.7005,32.1677,1068.0
KO,KUSD,37.8606,27.2868,323.0
KO,YLV,40.5658,29.3708,879.0
KO,NAZL,37.9641,28.2922,510.0
KO,ALT,39.0541,30.1104,1060.0
KO,EZNE,39.756,26.3655,75.0
KO,LEF,35.1118,32.8433,152.0
KO,MNVG,36.7935,31.4161,24.0
KO,KRMN,37.174,33.2636,1068.0
KO,BMYO,39.8098,26.6009,121.0
KO,CAVI,40.2018,29.8377,670.0
KO,KARO,39.3089,41.0493,1820.0
KO,SMAA,39.1005,28.9805,804.0
KO,KIZO,40.9005,35.9334,1050.0
KO,ESKT,39.5212,30.8492,1295.0
KO,CUND,39.336,26.6663,10.0
KO,KULU,39.0343,33.0023,1120.0
KO,LAPK,40.3151,26.6425,2.0
KO,BIGA,40.28134,27.15048,60.0
KO,ORLT,40.0452,28.8914,650.0
KO,MALT,38.3134,38.4273,1112.0
KO,AFSR,39.4468,33.0707,1055.0
KO,GAZ,37.1721,37.2096,992.0
KO,YALI,40.7676,32.9822,1217.0
KO,ISK,41.0615,29.0592,85.0
KO,GULA,38.3444,34.236,1126.0
KO,GEMT,40.435,29.189,220.0
KO,DATC,36.7584,27.6602,94.0
KO,ENEZ,40.7362,26.153,100.0
KO,AKDN,35.2977,32.9677,85.0
KO,SINE,39.1636,39.3871,1210.0
KO,SILV,41.0723,28.239,2.0
KO,MAGT,35.1696,33.8714,23.3
KO,CAYL,40.3745,36.159,740.0
KO,HSY,35.2916,33.0974,25.7
KO,BOLI,40.7175,31.5148,910.0
KO,SUTC,37.4765,30.9997,1310.0
KO,OSMA,40.9939,34.7605,418.0
KO,GERE,40.8004,32.2154,1373.0
KO,KMAH,39.6082,39.0275,1100.0
KO,KBAN,38.797,38.7278,745.0
KO,ARGN,38.7763,38.2639,1185.0
KO,BAKL,37.9793,29.6135,1032.0
KO,LICE,38.4532,40.6446,963.0
KO,NURH,37.9693,37.4363,1563.0
KO,SERH,37.582,29.2588,1032.0
KO,PERB,41.1016,37.7635,270.0
KO,BABD,37.802,28.8531,900.0
KO,GUZE,40.9998,28.5074,3.0
KO,AYVL,39.2907,26.69,17.0
KO,NMR6,40.704,27.2653,333.0
KO,NMR3,40.7432,27.2944,235.0
KO,NMR2,40.7172,27.3123,10.0
KO,NMR7,40.728,27.2353,338.0
KO,NMR5,40.7954,27.366,97.0
KO,NMR4,40.788,27.3006,925.0
KO,NMR9,40.6196,27.702,9.0
KO,NMR8,40.612,27.5347,9.0
KO,DIVR,39.3562,38.1237,1257.0
KO,MLTY,38.3223,38.4407,1018.0
KO,AKDG,38.3618,37.9703,1131.0
KO,YHT1,38.1219,32.6236,1059.0
KO,YHT3,37.2297,33.1503,1032.0
KO,SLVA,41.0731,28.1403,14.0
KO,YHT2,37.6151,32.724,1020.0
6G,AKHS,38.879,27.814,370.0
6G,AYVA,39.308,26.69,100.0
6G,BALY,39.74,27.619,645.0
6G,BAYC,39.741,26.547,349.0
6G,BOZC,39.842,26.053,195.0
6G,BUHA,39.501,27.077,258.0
6G,CAME,38.748,27.312,279.0
6G,CMHM,40.012,27.97,205.0
6G,DEMI,39.043,28.716,920.0
6G,DURS,39.601,28.47,960.0
6G,ELBA,41.147,28.43,331.0
6G,EREM,40.045,28.891,657.0
6G,KOCA,39.502,26.138,292.0
6G,NEVM,39.954,27.263,329.0
6G,SART,40.689,27.18,679.0
6G,STEP,39.377,27.718,519.0
6G,ZEDA,38.967,27.077,179.0
6G,AKRS,39.6857,28.02514,233.0
6G,BEYO,39.63901,26.93194,251.0
6G,BOZM,40.534,28.782,119.0
6G,BUYM,40.852,29.118,231.0
6G,BZGM,40.173,26.986,180.0
6G,CAGI,39.51623,28.01518,275.0
6G,CAMT,39.64985,27.8651,277.0
6G,DUVT,39.23597,28.4305,698.0
6G,ESKM,40.607,28.945,96.0
6G,GBZM,40.786,29.45,270.0
6G,HAMK,40.171,29.186,335.0
6G,HSYN,39.54993,27.30218,565.0
6G,IGDM,40.264,29.201,165.0
6G,KBKT,39.69028,27.81532,433.0
6G,KKZM,41.127,27.345,143.0
6G,KLCM,40.633,29.398,170.0
6G,KMRM,40.418,27.069,40.0
6G,KNLM,40.27,27.526,178.0
6G,KRCM,40.265,28.332,443.0
6G,KUYC,39.46075,27.04681,483.0
6G,KVKM,40.604,26.888,75.0
6G,MADM,40.564,27.665,40.0
6G,MARM,40.967,27.961,43.0
6G,MSDM,40.349,28.6,201.0
6G,OMRT,40.971,28.604,56.0
6G,SGTM,40.767,27.108,295.0
6G,SLVM,41.073,28.14,30.0
6G,ATIM,40.083,27.563,230.0
6G,SNLM,41.228,28.209,173.0
6G,TEPT,41.064,28.509,91.0
6G,TRNM,40.505,27.778,80.0
6G,YNKM,40.826,27.397,370.0
IJ,MAR2,40.7172,27.3123,14.0
IJ,MAR3,40.7432,27.2945,243.0
IJ,MAR4,40.788,27.3007,905.0
IJ,MAR5,40.7954,27.366,104.0
IJ,MAR6,40.7041,27.2653,334.0
IJ,MAR7,40.7281,27.23533,342.0
IJ,MAR8,40.6121,27.5348,28.0
IJ,MAR9,40.6196,27.702003,99.0
